command,products
File Specification,"['cbs_250', 'cbs_350', 'cat_1300']"
Flash File System on Stack,"['cbs_250', 'cbs_350', 'cat_1300']"
Login Block-for,"['cbs_250', 'cbs_350', 'cat_1300']"
Show surveillance-vlan,['cat_1300']
Surveillance-vlan traffic-source,['cat_1300']
System Flash Files,"['cbs_250', 'cbs_350', 'cat_1300']"
aaa accounting dot1x,"['cbs_250', 'cbs_350', 'cat_1300']"
aaa accounting login start-stop,"['cbs_250', 'cbs_350', 'cat_1300']"
aaa authentication dot1x,"['cbs_250', 'cbs_350', 'cat_1300']"
aaa authentication enable,"['cbs_220', 'cbs_250', 'cbs_350', 'cat_1300']"
aaa authentication login,"['cbs_220', 'cbs_250', 'cbs_350', 'cat_1300']"
aaa logging,"['cbs_250', 'cbs_350', 'cat_1300']"
aaa login-history file,"['cbs_250', 'cbs_350', 'cat_1300']"
abort (MST),"['cbs_250', 'cbs_350', 'cat_1300']"
absolute,"['cbs_220', 'cbs_250', 'cbs_350', 'cat_1300']"
accept-lifetime,"['cbs_250', 'cbs_350', 'cat_1300']"
address (DHCP Host),"['cbs_350', 'cat_1300']"
address (DHCP Network),"['cbs_350', 'cat_1300']"
address-config,"['cbs_350', 'cat_1300']"
address-prefix-validation,"['cbs_350', 'cat_1300']"
allowed-time-range,"['cbs_250', 'cbs_350', 'cat_1300']"
arp,"['cbs_250', 'cbs_350', 'cat_1300']"
arp timeout (Global),"['cbs_250', 'cbs_350', 'cat_1300']"
authentication open,"['cbs_250', 'cbs_350', 'cat_1300']"
auto-default-router,"['cbs_350', 'cat_1300']"
autobaud,"['cbs_350', 'cat_1300']"
back-pressure,"['cbs_250', 'cbs_350', 'cat_1300']"
banner exec,"['cbs_220', 'cbs_250', 'cbs_350']"
banner login,"['cbs_220', 'cbs_250', 'cbs_350']"
bluetooth device-name,['cat_1300']
bluetooth pin,['cat_1300']
bonjour enable,"['cbs_220', 'cbs_250', 'cbs_350', 'cat_1300']"
bonjour interface range,"['cbs_250', 'cbs_350', 'cat_1300']"
boot config,"['cbs_250', 'cbs_350', 'cat_1300']"
boot host auto-config,"['cbs_220', 'cbs_250', 'cbs_350', 'cat_1300']"
boot host auto-update,"['cbs_250', 'cbs_350', 'cat_1300']"
boot localization,"['cbs_250', 'cbs_350', 'cat_1300']"
boot system,"['cbs_220', 'cbs_250', 'cbs_350', 'cat_1300']"
bootfile,"['cbs_350', 'cat_1300']"
bridge multicast address,"['cbs_250', 'cbs_350', 'cat_1300']"
bridge multicast filtering,"['cbs_250', 'cbs_350', 'cat_1300']"
bridge multicast forbidden address,"['cbs_250', 'cbs_350', 'cat_1300']"
bridge multicast forbidden forward-all,"['cbs_250', 'cbs_350', 'cat_1300']"
bridge multicast forbidden ip-address,"['cbs_250', 'cbs_350', 'cat_1300']"
bridge multicast forbidden source group,"['cbs_250', 'cbs_350', 'cat_1300']"
bridge multicast forward-all,"['cbs_250', 'cbs_350', 'cat_1300']"
bridge multicast ip-address,"['cbs_250', 'cbs_350', 'cat_1300']"
bridge multicast ipv6 forbidden ip-address,"['cbs_250', 'cbs_350', 'cat_1300']"
bridge multicast ipv6 forbidden source group,"['cbs_250', 'cbs_350', 'cat_1300']"
bridge multicast ipv6 ip-address,"['cbs_250', 'cbs_350', 'cat_1300']"
bridge multicast ipv6 mode,"['cbs_250', 'cbs_350', 'cat_1300']"
bridge multicast ipv6 source group,"['cbs_250', 'cbs_350', 'cat_1300']"
bridge multicast mode,"['cbs_250', 'cbs_350', 'cat_1300']"
bridge multicast reserved-address,"['cbs_220', 'cbs_250', 'cbs_350', 'cat_1300']"
bridge multicast source group,"['cbs_250', 'cbs_350', 'cat_1300']"
bridge multicast unregistered,"['cbs_250', 'cbs_350', 'cat_1300']"
bridge unicast unknown,"['cbs_250', 'cbs_350', 'cat_1300']"
ca-certificate install,"['cbs_220', 'cbs_250', 'cbs_350', 'cat_1300']"
ca-certificate revoke,"['cbs_250', 'cbs_350', 'cat_1300']"
cbd address,"['cbs_250', 'cbs_350', 'cat_1300']"
cbd connection enable,"['cbs_250', 'cbs_350', 'cat_1300']"
cbd key,"['cbs_250', 'cbs_350', 'cat_1300']"
cbd network name,['cat_1300']
cbd organization name,['cat_1300']
cbd probe enable,"['cbs_250', 'cbs_350', 'cat_1300']"
cbd reset,"['cbs_250', 'cbs_350', 'cat_1300']"
cd,"['cbs_250', 'cbs_350', 'cat_1300']"
cdp advertise-v2,"['cbs_220', 'cbs_250', 'cbs_350', 'cat_1300']"
cdp appliance-tlv enable,"['cbs_250', 'cbs_350', 'cat_1300']"
cdp appliance-vlan enable,['cbs_220']
cdp device-id format,"['cbs_220', 'cbs_250', 'cbs_350', 'cat_1300']"
cdp enable,"['cbs_220', 'cbs_250', 'cbs_350', 'cat_1300']"
cdp holdtime,"['cbs_220', 'cbs_250', 'cbs_350', 'cat_1300']"
cdp log mismatch duplex,"['cbs_220', 'cbs_250', 'cbs_350', 'cat_1300']"
cdp log mismatch native,"['cbs_220', 'cbs_250', 'cbs_350', 'cat_1300']"
cdp log mismatch voip,"['cbs_220', 'cbs_250', 'cbs_350', 'cat_1300']"
cdp mandatory-tlvs validation,"['cbs_220', 'cbs_250', 'cbs_350', 'cat_1300']"
cdp pdu,"['cbs_220', 'cbs_250', 'cbs_350', 'cat_1300']"
cdp run,"['cbs_220', 'cbs_250', 'cbs_350', 'cat_1300']"
cdp source-interface,"['cbs_250', 'cbs_350', 'cat_1300']"
cdp timer,"['cbs_220', 'cbs_250', 'cbs_350', 'cat_1300']"
channel-group,"['cbs_220', 'cbs_250', 'cbs_350', 'cat_1300']"
class,"['cbs_220', 'cbs_250', 'cbs_350', 'cat_1300']"
class-map,"['cbs_220', 'cbs_250', 'cbs_350', 'cat_1300']"
clear access-lists counters,"['cbs_250', 'cbs_350', 'cat_1300']"
clear arp-cache,"['cbs_220', 'cbs_250', 'cbs_350', 'cat_1300']"
clear cbd probe database,"['cbs_250', 'cbs_350', 'cat_1300']"
clear cdp counter,['cbs_220']
clear cdp counters,"['cbs_250', 'cbs_350', 'cat_1300']"
clear cdp table,"['cbs_220', 'cbs_250', 'cbs_350', 'cat_1300']"
clear counters,"['cbs_220', 'cbs_250', 'cbs_350', 'cat_1300']"
clear dot1x statistics,"['cbs_250', 'cbs_350', 'cat_1300']"
clear etherlike statistics,['cbs_220']
clear gvrp statistics,"['cbs_220', 'cbs_250', 'cbs_350', 'cat_1300']"
clear host,"['cbs_250', 'cbs_350', 'cat_1300']"
clear ip arp inspection statistics,"['cbs_350', 'cat_1300']"
clear ip arp inspection statistics vlan,['cbs_220']
clear ip dhcp binding,"['cbs_350', 'cat_1300']"
clear ip dhcp snooping binding,['cbs_220']
clear ip dhcp snooping binding interface,['cbs_220']
clear ip dhcp snooping binding vlan,['cbs_220']
clear ip dhcp snooping database,"['cbs_350', 'cat_1300']"
clear ip dhcp snooping database statistics,['cbs_220']
clear ip dhcp snooping interfaces statistics,['cbs_220']
clear ip igmp counters,"['cbs_250', 'cbs_350', 'cat_1300']"
clear ip igmp snooping groups,['cbs_220']
clear ip igmp snooping statistics,['cbs_220']
clear ipv6 dhcp client,"['cbs_250', 'cbs_350', 'cat_1300']"
clear ipv6 first hop security counters,"['cbs_350', 'cat_1300']"
clear ipv6 first hop security error counters,"['cbs_350', 'cat_1300']"
clear ipv6 mld counters,"['cbs_250', 'cbs_350', 'cat_1300']"
clear ipv6 mld snooping groups,['cbs_220']
clear ipv6 mld snooping statistics,['cbs_220']
clear ipv6 neighbor binding prefix table,"['cbs_350', 'cat_1300']"
clear ipv6 neighbor binding table,"['cbs_350', 'cat_1300']"
clear ipv6 neighbors,"['cbs_250', 'cbs_350', 'cat_1300']"
clear ipv6 prefix-list,"['cbs_250', 'cbs_350', 'cat_1300']"
clear line,['cbs_220']
clear lldp statistics,"['cbs_220', 'cbs_250', 'cbs_350', 'cat_1300']"
clear lldp table,"['cbs_250', 'cbs_350', 'cat_1300']"
clear logging,"['cbs_220', 'cbs_250', 'cbs_350', 'cat_1300']"
clear logging file,"['cbs_250', 'cbs_350', 'cat_1300']"
clear login failures,['cat_1300']
clear login quiet-mode,['cat_1300']
clear mac address-table,"['cbs_220', 'cbs_250', 'cbs_350', 'cat_1300']"
clear power inline counters,"['cbs_250', 'cbs_350', 'cat_1300']"
clear power inline monitor consumption,"['cbs_250', 'cbs_350', 'cat_1300']"
clear qos statistics,"['cbs_250', 'cbs_350', 'cat_1300']"
clear queue statistics,"['cbs_250', 'cbs_350', 'cat_1300']"
clear radius server accounting,"['cbs_250', 'cbs_350', 'cat_1300']"
clear radius server rejected users,"['cbs_250', 'cbs_350', 'cat_1300']"
clear radius server statistics,"['cbs_250', 'cbs_350', 'cat_1300']"
clear radius server unknown nas,"['cbs_250', 'cbs_350', 'cat_1300']"
clear rip statistics,"['cbs_350', 'cat_1300']"
clear rmon statistics,['cbs_220']
clear sflow statistics,"['cbs_350', 'cat_1300']"
clear spanning-tree counters,"['cbs_250', 'cbs_350', 'cat_1300']"
clear spanning-tree detected-protocols,"['cbs_220', 'cbs_250', 'cbs_350', 'cat_1300']"
clear storm-control counters,"['cbs_250', 'cbs_350', 'cat_1300']"
clear switchport monitor,"['cbs_250', 'cbs_350', 'cat_1300']"
client-name,"['cbs_350', 'cat_1300']"
clock dhcp timezone,"['cbs_250', 'cbs_350', 'cat_1300']"
clock set,"['cbs_220', 'cbs_250', 'cbs_350', 'cat_1300']"
clock source,"['cbs_220', 'cbs_250', 'cbs_350', 'cat_1300']"
clock summer-time,"['cbs_220', 'cbs_250', 'cbs_350', 'cat_1300']"
clock timezone,"['cbs_220', 'cbs_250', 'cbs_350', 'cat_1300']"
configure,"['cbs_220', 'cbs_250', 'cbs_350', 'cat_1300']"
copy,"['cbs_220', 'cbs_250', 'cbs_350', 'cat_1300']"
crypto certificate generate,"['cbs_220', 'cbs_250', 'cbs_350', 'cat_1300']"
crypto certificate import,"['cbs_250', 'cbs_350', 'cat_1300']"
crypto certificate request,"['cbs_250', 'cbs_350', 'cat_1300']"
crypto key generate,['cbs_220']
crypto key generate dsa,"['cbs_250', 'cbs_350', 'cat_1300']"
crypto key generate rsa,"['cbs_250', 'cbs_350', 'cat_1300']"
crypto key import,"['cbs_250', 'cbs_350', 'cat_1300']"
crypto key pubkey-chain ssh,"['cbs_250', 'cbs_350', 'cat_1300']"
data,"['cbs_250', 'cbs_350', 'cat_1300']"
default interface,['cbs_220']
default-information originate,"['cbs_350', 'cat_1300']"
default-metric,"['cbs_350', 'cat_1300']"
default-router,"['cbs_350', 'cat_1300']"
delete,"['cbs_250', 'cbs_350', 'cat_1300']"
delete backup-config,['cbs_220']
delete startup-config,['cbs_220']
deny ( IP ),"['cbs_250', 'cbs_350', 'cat_1300']"
deny ( IPv6 ),"['cbs_250', 'cbs_350', 'cat_1300']"
deny (IP),['cbs_220']
deny (IPv6),['cbs_220']
deny (MAC),"['cbs_220', 'cbs_250', 'cbs_350', 'cat_1300']"
deny (Management),"['cbs_220', 'cbs_250', 'cbs_350', 'cat_1300']"
description,"['cbs_220', 'cbs_250', 'cbs_350', 'cat_1300']"
description 802.1x,"['cbs_250', 'cbs_350', 'cat_1300']"
device-role (IPv6 DHCP Guard),"['cbs_350', 'cat_1300']"
device-role (ND Inspection Policy),"['cbs_350', 'cat_1300']"
device-role (Neighbor Binding),"['cbs_350', 'cat_1300']"
device-role (RA Guard Policy),"['cbs_350', 'cat_1300']"
dir,"['cbs_220', 'cbs_250', 'cbs_350', 'cat_1300']"
directed-broadcast,"['cbs_250', 'cbs_350', 'cat_1300']"
disable,"['cbs_220', 'cbs_250', 'cbs_350', 'cat_1300']"
disable ports leds,"['cbs_250', 'cbs_350', 'cat_1300']"
dns-server,"['cbs_350', 'cat_1300']"
do,"['cbs_220', 'cbs_250', 'cbs_350', 'cat_1300']"
domain-name,"['cbs_350', 'cat_1300']"
dot1x auth-not-req,"['cbs_250', 'cbs_350', 'cat_1300']"
dot1x authentication,"['cbs_250', 'cbs_350', 'cat_1300']"
dot1x credentials,"['cbs_250', 'cbs_350', 'cat_1300']"
dot1x eap-max-retrans,"['cbs_250', 'cbs_350', 'cat_1300']"
dot1x guest-vlan,"['cbs_250', 'cbs_350', 'cat_1300']"
dot1x guest-vlan enable,"['cbs_220', 'cbs_250', 'cbs_350', 'cat_1300']"
dot1x guest-vlan enable (Interface),['cbs_220']
dot1x guest-vlan timeout,"['cbs_250', 'cbs_350', 'cat_1300']"
dot1x host-mode,"['cbs_220', 'cbs_250', 'cbs_350', 'cat_1300']"
dot1x mac-auth,['cat_1300']
dot1x mac-auth password,['cat_1300']
dot1x max-hosts,"['cbs_220', 'cbs_250', 'cbs_350', 'cat_1300']"
dot1x max-login-attempts,"['cbs_250', 'cbs_350', 'cat_1300']"
dot1x max-req,"['cbs_220', 'cbs_250', 'cbs_350', 'cat_1300']"
dot1x page customization,"['cbs_250', 'cbs_350', 'cat_1300']"
dot1x port-control,"['cbs_220', 'cbs_250', 'cbs_350', 'cat_1300']"
dot1x radius-attributes vlan,"['cbs_220', 'cbs_250', 'cbs_350', 'cat_1300']"
dot1x re-authenticate,"['cbs_250', 'cbs_350', 'cat_1300']"
dot1x reauthentication,"['cbs_220', 'cbs_250', 'cbs_350', 'cat_1300']"
dot1x supplicant,"['cbs_250', 'cbs_350', 'cat_1300']"
dot1x supplicant traps authentication failure,"['cbs_250', 'cbs_350', 'cat_1300']"
dot1x supplicant traps authentication success,"['cbs_250', 'cbs_350', 'cat_1300']"
dot1x system-auth-control,"['cbs_220', 'cbs_250', 'cbs_350', 'cat_1300']"
dot1x timeout eap-timeout,"['cbs_250', 'cbs_350', 'cat_1300']"
dot1x timeout quiet-period,"['cbs_220', 'cbs_250', 'cbs_350', 'cat_1300']"
dot1x timeout reauth-period,"['cbs_220', 'cbs_250', 'cbs_350', 'cat_1300']"
dot1x timeout server-timeout,"['cbs_220', 'cbs_250', 'cbs_350', 'cat_1300']"
dot1x timeout silence-period,"['cbs_250', 'cbs_350', 'cat_1300']"
dot1x timeout supp-timeout,"['cbs_220', 'cbs_250', 'cbs_350', 'cat_1300']"
dot1x timeout supplicant-held-period,"['cbs_250', 'cbs_350', 'cat_1300']"
dot1x timeout tx-period,"['cbs_220', 'cbs_250', 'cbs_350', 'cat_1300']"
dot1x traps authentication failure,"['cbs_250', 'cbs_350', 'cat_1300']"
dot1x traps authentication quiet,"['cbs_250', 'cbs_350', 'cat_1300']"
dot1x traps authentication success,"['cbs_250', 'cbs_350', 'cat_1300']"
dot1x unlock client,"['cbs_250', 'cbs_350', 'cat_1300']"
dot1x violation-mode,"['cbs_220', 'cbs_250', 'cbs_350', 'cat_1300']"
drop-unsecure,"['cbs_350', 'cat_1300']"
duplex,"['cbs_220', 'cbs_250', 'cbs_350', 'cat_1300']"
dying-gasp enable,['cat_1300']
eee enable (global),"['cbs_220', 'cbs_250', 'cbs_350', 'cat_1300']"
eee enable (interface),"['cbs_250', 'cbs_350', 'cat_1300']"
eee lldp enable,"['cbs_250', 'cbs_350', 'cat_1300']"
enable,"['cbs_220', 'cbs_250', 'cbs_350', 'cat_1300']"
enable authentication,"['cbs_220', 'cbs_250', 'cbs_350', 'cat_1300']"
enable password,"['cbs_250', 'cbs_350', 'cat_1300']"
end,"['cbs_220', 'cbs_250', 'cbs_350', 'cat_1300']"
errdisable recovery,['cbs_220']
errdisable recovery cause,"['cbs_250', 'cbs_350', 'cat_1300']"
errdisable recovery interval,"['cbs_250', 'cbs_350', 'cat_1300']"
errdisable recovery reset,"['cbs_250', 'cbs_350', 'cat_1300']"
ethtype,"['cbs_250', 'cbs_350', 'cat_1300']"
exec-banner,"['cbs_250', 'cbs_350']"
exec-timeout,"['cbs_220', 'cbs_350', 'cat_1300']"
exit (Configuration),"['cbs_220', 'cbs_250', 'cbs_350', 'cat_1300']"
exit (EXEC),"['cbs_220', 'cbs_250', 'cbs_350', 'cat_1300']"
exit (MST),"['cbs_250', 'cbs_350', 'cat_1300']"
file-system logging,"['cbs_250', 'cbs_350', 'cat_1300']"
flowcontrol,"['cbs_220', 'cbs_250', 'cbs_350', 'cat_1300']"
green-ethernet energy-detect (global),"['cbs_250', 'cbs_350', 'cat_1300']"
green-ethernet energy-detect (interface),"['cbs_250', 'cbs_350', 'cat_1300']"
green-ethernet power-meter reset,"['cbs_250', 'cbs_350', 'cat_1300']"
green-ethernet short-reach (global),"['cbs_250', 'cbs_350', 'cat_1300']"
green-ethernet short-reach (interface),"['cbs_250', 'cbs_350', 'cat_1300']"
gvrp enable (Global),"['cbs_220', 'cbs_250', 'cbs_350', 'cat_1300']"
gvrp enable (Interface),"['cbs_220', 'cbs_250', 'cbs_350', 'cat_1300']"
gvrp registration-forbid,"['cbs_250', 'cbs_350', 'cat_1300']"
gvrp registration-mode,['cbs_220']
gvrp vlan-creation-forbid,"['cbs_220', 'cbs_250', 'cbs_350', 'cat_1300']"
help,"['cbs_250', 'cbs_350', 'cat_1300']"
history,"['cbs_220', 'cbs_250', 'cbs_350', 'cat_1300']"
history size,"['cbs_250', 'cbs_350', 'cat_1300']"
hop-limit,"['cbs_350', 'cat_1300']"
hostname,"['cbs_220', 'cbs_250', 'cbs_350', 'cat_1300']"
instance (MST),"['cbs_220', 'cbs_250', 'cbs_350', 'cat_1300']"
interface,"['cbs_220', 'cbs_250', 'cbs_350', 'cat_1300']"
interface ip,"['cbs_250', 'cbs_350', 'cat_1300']"
interface range,"['cbs_220', 'cbs_250', 'cbs_350', 'cat_1300']"
interface range vlan,"['cbs_250', 'cbs_350', 'cat_1300']"
interface tunnel,"['cbs_250', 'cbs_350', 'cat_1300']"
interface vlan,"['cbs_250', 'cbs_350', 'cat_1300']"
ip SSH logging,"['cbs_250', 'cbs_350', 'cat_1300']"
ip access-group in,['cbs_220']
ip access-list (IP extended),"['cbs_250', 'cbs_350', 'cat_1300']"
ip access-list (IP standard),"['cbs_250', 'cbs_350', 'cat_1300']"
ip access-list extended,['cbs_220']
ip address,"['cbs_250', 'cbs_350', 'cat_1300']"
ip address dhcp,"['cbs_250', 'cbs_350', 'cat_1300']"
ip arp inspection,"['cbs_220', 'cbs_350', 'cat_1300']"
ip arp inspection limit rate,['cbs_220']
ip arp inspection list assign,"['cbs_350', 'cat_1300']"
ip arp inspection list create,"['cbs_350', 'cat_1300']"
ip arp inspection logging interval,"['cbs_350', 'cat_1300']"
ip arp inspection trust,['cbs_220']
ip arp inspection validate,"['cbs_220', 'cbs_350', 'cat_1300']"
ip arp inspection vlan,"['cbs_220', 'cbs_350', 'cat_1300']"
ip arp proxy disable,"['cbs_250', 'cbs_350', 'cat_1300']"
ip default-gateway,"['cbs_220', 'cbs_250', 'cbs_350', 'cat_1300']"
ip dhcp excluded-address,"['cbs_350', 'cat_1300']"
ip dhcp information option,"['cbs_250', 'cbs_350', 'cat_1300']"
ip dhcp information option circuit-id,"['cbs_250', 'cbs_350', 'cat_1300']"
ip dhcp information option numeric-token-format,"['cbs_250', 'cbs_350', 'cat_1300']"
ip dhcp information option remote-id,"['cbs_250', 'cbs_350', 'cat_1300']"
ip dhcp pool host,"['cbs_350', 'cat_1300']"
ip dhcp pool network,"['cbs_350', 'cat_1300']"
ip dhcp relay address (Global),"['cbs_250', 'cbs_350', 'cat_1300']"
ip dhcp relay enable (Global),"['cbs_250', 'cbs_350', 'cat_1300']"
ip dhcp relay enable (Interface),"['cbs_250', 'cbs_350', 'cat_1300']"
ip dhcp server,"['cbs_350', 'cat_1300']"
ip dhcp snooping,"['cbs_220', 'cbs_350', 'cat_1300']"
ip dhcp snooping binding,"['cbs_350', 'cat_1300']"
ip dhcp snooping database,"['cbs_220', 'cbs_350', 'cat_1300']"
ip dhcp snooping information option,['cbs_220']
ip dhcp snooping information option allow-untrusted,['cbs_220']
ip dhcp snooping information option allowed-untrusted,"['cbs_350', 'cat_1300']"
ip dhcp snooping limit rate,['cbs_220']
ip dhcp snooping trust,"['cbs_220', 'cbs_350', 'cat_1300']"
ip dhcp snooping verify,"['cbs_350', 'cat_1300']"
ip dhcp snooping verify mac-address,['cbs_220']
ip dhcp snooping vlan,"['cbs_220', 'cbs_350', 'cat_1300']"
ip dhcp snooping vlan information option circuit-id,['cbs_220']
ip dhcp tftp-server file,"['cbs_220', 'cbs_250', 'cbs_350', 'cat_1300']"
ip dhcp tftp-server image file,"['cbs_250', 'cbs_350', 'cat_1300']"
ip dhcp tftp-server ip address,"['cbs_220', 'cbs_250', 'cbs_350', 'cat_1300']"
ip domain lookup,"['cbs_220', 'cbs_250', 'cbs_350', 'cat_1300']"
ip domain name,"['cbs_220', 'cbs_250', 'cbs_350', 'cat_1300']"
ip domain polling-interval,"['cbs_250', 'cbs_350', 'cat_1300']"
ip domain retry,"['cbs_250', 'cbs_350', 'cat_1300']"
ip domain timeout,"['cbs_250', 'cbs_350', 'cat_1300']"
ip helper-address,"['cbs_250', 'cbs_350', 'cat_1300']"
ip host,"['cbs_220', 'cbs_250', 'cbs_350', 'cat_1300']"
ip http authentication,"['cbs_220', 'cbs_250', 'cbs_350', 'cat_1300']"
ip http port,"['cbs_250', 'cbs_350', 'cat_1300']"
ip http secure-server,"['cbs_220', 'cbs_250', 'cbs_350', 'cat_1300']"
ip http server,"['cbs_220', 'cbs_250', 'cbs_350', 'cat_1300']"
ip http timeout-policy,"['cbs_220', 'cbs_250', 'cbs_350', 'cat_1300']"
ip https certificate,"['cbs_250', 'cbs_350', 'cat_1300']"
ip https logging,"['cbs_250', 'cbs_350', 'cat_1300']"
ip igmp filter,['cbs_220']
ip igmp last-member-query-count,"['cbs_250', 'cbs_350', 'cat_1300']"
ip igmp last-member-query-interval,"['cbs_250', 'cbs_350', 'cat_1300']"
ip igmp max-groups,['cbs_220']
ip igmp profile,['cbs_220']
ip igmp query-interval,"['cbs_250', 'cbs_350', 'cat_1300']"
ip igmp query-max-response-time,"['cbs_250', 'cbs_350', 'cat_1300']"
ip igmp robustness,"['cbs_250', 'cbs_350', 'cat_1300']"
ip igmp snooping,['cbs_220']
ip igmp snooping (Global),"['cbs_250', 'cbs_350', 'cat_1300']"
ip igmp snooping map cpe vlan,"['cbs_250', 'cbs_350', 'cat_1300']"
ip igmp snooping querier,"['cbs_250', 'cbs_350', 'cat_1300']"
ip igmp snooping report-suppression,['cbs_220']
ip igmp snooping unknown-multicast action,['cbs_220']
ip igmp snooping version,['cbs_220']
ip igmp snooping vlan,"['cbs_220', 'cbs_250', 'cbs_350', 'cat_1300']"
ip igmp snooping vlan forbidden forward-all,['cbs_220']
ip igmp snooping vlan forbidden mrouter,"['cbs_220', 'cbs_250', 'cbs_350', 'cat_1300']"
ip igmp snooping vlan forward-all,['cbs_220']
ip igmp snooping vlan immediate-leave,"['cbs_220', 'cbs_250', 'cbs_350', 'cat_1300']"
ip igmp snooping vlan last-member-query-count,['cbs_220']
ip igmp snooping vlan last-member-query-interval,['cbs_220']
ip igmp snooping vlan mrouter,"['cbs_220', 'cbs_250', 'cbs_350', 'cat_1300']"
ip igmp snooping vlan mrouter interface,"['cbs_250', 'cbs_350', 'cat_1300']"
ip igmp snooping vlan multicast-tv,"['cbs_250', 'cbs_350', 'cat_1300']"
ip igmp snooping vlan querier,"['cbs_220', 'cbs_250', 'cbs_350', 'cat_1300']"
ip igmp snooping vlan querier address,"['cbs_250', 'cbs_350', 'cat_1300']"
ip igmp snooping vlan querier election,"['cbs_250', 'cbs_350', 'cat_1300']"
ip igmp snooping vlan querier version,"['cbs_220', 'cbs_250', 'cbs_350', 'cat_1300']"
ip igmp snooping vlan query-interval,['cbs_220']
ip igmp snooping vlan response-time,['cbs_220']
ip igmp snooping vlan robustness-variable,['cbs_220']
ip igmp snooping vlan static,"['cbs_220', 'cbs_250', 'cbs_350', 'cat_1300']"
ip igmp version,"['cbs_250', 'cbs_350', 'cat_1300']"
ip igmp-proxy,"['cbs_350', 'cat_1300']"
ip igmp-proxy downstream protected,"['cbs_350', 'cat_1300']"
ip igmp-proxy downstream protected interface,"['cbs_350', 'cat_1300']"
ip igmp-proxy ssm,"['cbs_350', 'cat_1300']"
ip mac,"['cbs_350', 'cat_1300']"
ip multicast ttl-threshold,"['cbs_350', 'cat_1300']"
ip multicast-routing,"['cbs_350', 'cat_1300']"
ip name-server,"['cbs_220', 'cbs_250', 'cbs_350', 'cat_1300']"
ip policy route-map,"['cbs_250', 'cbs_350', 'cat_1300']"
ip proxy-arp,"['cbs_250', 'cbs_350', 'cat_1300']"
ip redirects,"['cbs_250', 'cbs_350', 'cat_1300']"
ip rip authentication key-chain,"['cbs_350', 'cat_1300']"
ip rip authentication mode,"['cbs_350', 'cat_1300']"
ip rip authentication-key,"['cbs_350', 'cat_1300']"
ip rip default-information originate,"['cbs_350', 'cat_1300']"
ip rip distribute-list in,"['cbs_350', 'cat_1300']"
ip rip distribute-list out,"['cbs_350', 'cat_1300']"
ip rip offset,"['cbs_350', 'cat_1300']"
ip rip passive-interface,"['cbs_350', 'cat_1300']"
ip rip shutdown,"['cbs_350', 'cat_1300']"
ip route,"['cbs_250', 'cbs_350', 'cat_1300']"
ip routing,"['cbs_250', 'cbs_350', 'cat_1300']"
ip source binding,['cbs_220']
ip source binding max-entry,['cbs_220']
ip ssh password-auth,"['cbs_250', 'cbs_350', 'cat_1300']"
ip ssh port,"['cbs_250', 'cbs_350', 'cat_1300']"
ip ssh pubkey-auth,"['cbs_250', 'cbs_350', 'cat_1300']"
ip ssh server,"['cbs_220', 'cbs_250', 'cbs_350', 'cat_1300']"
ip ssh-client authentication,"['cbs_250', 'cbs_350', 'cat_1300']"
ip ssh-client change server password,"['cbs_250', 'cbs_350', 'cat_1300']"
ip ssh-client key,"['cbs_250', 'cbs_350', 'cat_1300']"
ip ssh-client password,"['cbs_250', 'cbs_350', 'cat_1300']"
ip ssh-client server authentication,"['cbs_250', 'cbs_350', 'cat_1300']"
ip ssh-client server fingerprint,"['cbs_250', 'cbs_350', 'cat_1300']"
ip ssh-client source-interface,"['cbs_250', 'cbs_350', 'cat_1300']"
ip ssh-client username,"['cbs_250', 'cbs_350', 'cat_1300']"
ip telnet server,"['cbs_220', 'cbs_250', 'cbs_350', 'cat_1300']"
ip verify source,['cbs_220']
ipv6 access-group in,['cbs_220']
ipv6 access-list,['cbs_220']
ipv6 access-list (IP standard),"['cbs_250', 'cbs_350', 'cat_1300']"
ipv6 access-list (IPv6 extended),"['cbs_250', 'cbs_350', 'cat_1300']"
ipv6 address,"['cbs_250', 'cbs_350', 'cat_1300']"
ipv6 address anycast,"['cbs_250', 'cbs_350', 'cat_1300']"
ipv6 address autoconfig,"['cbs_250', 'cbs_350', 'cat_1300']"
ipv6 address dhcp,"['cbs_250', 'cbs_350', 'cat_1300']"
ipv6 address eui-64,"['cbs_250', 'cbs_350', 'cat_1300']"
ipv6 address link-local,"['cbs_250', 'cbs_350', 'cat_1300']"
ipv6 default-gateway,"['cbs_220', 'cbs_250', 'cbs_350', 'cat_1300']"
ipv6 dhcp client information refresh,"['cbs_250', 'cbs_350', 'cat_1300']"
ipv6 dhcp client information refresh minimum,"['cbs_250', 'cbs_350', 'cat_1300']"
ipv6 dhcp duid-en,"['cbs_250', 'cbs_350', 'cat_1300']"
ipv6 dhcp guard,"['cbs_350', 'cat_1300']"
ipv6 dhcp guard attach-policy (VLAN mode),"['cbs_350', 'cat_1300']"
ipv6 dhcp guard attach-policy (port mode),"['cbs_350', 'cat_1300']"
ipv6 dhcp guard policy,"['cbs_350', 'cat_1300']"
ipv6 dhcp guard preference,"['cbs_350', 'cat_1300']"
ipv6 dhcp relay destination (Global),"['cbs_250', 'cbs_350', 'cat_1300']"
ipv6 dhcp relay destination (Interface),"['cbs_250', 'cbs_350', 'cat_1300']"
ipv6 enable,"['cbs_250', 'cbs_350', 'cat_1300']"
ipv6 first hop security,"['cbs_350', 'cat_1300']"
ipv6 first hop security attach-policy (VLAN mode),"['cbs_350', 'cat_1300']"
ipv6 first hop security attach-policy (port mode),"['cbs_350', 'cat_1300']"
ipv6 first hop security logging packet drop,"['cbs_350', 'cat_1300']"
ipv6 first hop security policy,"['cbs_350', 'cat_1300']"
ipv6 hop-limit,"['cbs_250', 'cbs_350', 'cat_1300']"
ipv6 icmp error-interval,"['cbs_250', 'cbs_350', 'cat_1300']"
ipv6 link-local default zone,"['cbs_250', 'cbs_350', 'cat_1300']"
ipv6 mld filter,['cbs_220']
ipv6 mld last-member-query-count,"['cbs_250', 'cbs_350', 'cat_1300']"
ipv6 mld last-member-query-interval,"['cbs_250', 'cbs_350', 'cat_1300']"
ipv6 mld max-groups,['cbs_220']
ipv6 mld profile,['cbs_220']
ipv6 mld query-interval,"['cbs_250', 'cbs_350', 'cat_1300']"
ipv6 mld query-max-response-time,"['cbs_250', 'cbs_350', 'cat_1300']"
ipv6 mld robustness,"['cbs_250', 'cbs_350', 'cat_1300']"
ipv6 mld snooping,['cbs_220']
ipv6 mld snooping (Global),"['cbs_250', 'cbs_350', 'cat_1300']"
ipv6 mld snooping querier,"['cbs_250', 'cbs_350', 'cat_1300']"
ipv6 mld snooping report-suppression,['cbs_220']
ipv6 mld snooping vlan,"['cbs_220', 'cbs_250', 'cbs_350', 'cat_1300']"
ipv6 mld snooping vlan forbidden forward-all,['cbs_220']
ipv6 mld snooping vlan forbidden mrouter,"['cbs_220', 'cbs_250', 'cbs_350', 'cat_1300']"
ipv6 mld snooping vlan forward-all,['cbs_220']
ipv6 mld snooping vlan immediate-leave,"['cbs_220', 'cbs_250', 'cbs_350', 'cat_1300']"
ipv6 mld snooping vlan last-member-query-count,['cbs_220']
ipv6 mld snooping vlan last-member-query-interval,['cbs_220']
ipv6 mld snooping vlan mrouter,"['cbs_220', 'cbs_250', 'cbs_350', 'cat_1300']"
ipv6 mld snooping vlan mrouter interface,"['cbs_250', 'cbs_350', 'cat_1300']"
ipv6 mld snooping vlan mrouter learn pim-dvmrp,['cbs_220']
ipv6 mld snooping vlan querier,"['cbs_250', 'cbs_350', 'cat_1300']"
ipv6 mld snooping vlan querier election,"['cbs_250', 'cbs_350', 'cat_1300']"
ipv6 mld snooping vlan querier version,"['cbs_250', 'cbs_350', 'cat_1300']"
ipv6 mld snooping vlan query-interval,['cbs_220']
ipv6 mld snooping vlan response-time,['cbs_220']
ipv6 mld snooping vlan robustness-variable,['cbs_220']
ipv6 mld snooping vlan static,"['cbs_250', 'cbs_350', 'cat_1300']"
ipv6 mld snooping vlan static interface,['cbs_220']
ipv6 mld version,"['cbs_250', 'cbs_350', 'cat_1300']"
ipv6 mld-proxy,"['cbs_350', 'cat_1300']"
ipv6 mld-proxy downstream protected,"['cbs_350', 'cat_1300']"
ipv6 mld-proxy downstream protected interface,"['cbs_350', 'cat_1300']"
ipv6 mld-proxy ssm,"['cbs_350', 'cat_1300']"
ipv6 multicast-routing,"['cbs_350', 'cat_1300']"
ipv6 nd advertisement-interval,"['cbs_250', 'cbs_350', 'cat_1300']"
ipv6 nd dad attempts,"['cbs_250', 'cbs_350', 'cat_1300']"
ipv6 nd hop-limit,"['cbs_250', 'cbs_350', 'cat_1300']"
ipv6 nd inspection,"['cbs_350', 'cat_1300']"
ipv6 nd inspection attach-policy (VLAN mode),"['cbs_350', 'cat_1300']"
ipv6 nd inspection attach-policy (port mode),"['cbs_350', 'cat_1300']"
ipv6 nd inspection drop-unsecure,"['cbs_350', 'cat_1300']"
ipv6 nd inspection policy,"['cbs_350', 'cat_1300']"
ipv6 nd inspection sec-level minimum,"['cbs_350', 'cat_1300']"
ipv6 nd inspection validate source-mac,"['cbs_350', 'cat_1300']"
ipv6 nd managed-config-flag,"['cbs_250', 'cbs_350', 'cat_1300']"
ipv6 nd prefix,"['cbs_250', 'cbs_350', 'cat_1300']"
ipv6 nd ra interval,"['cbs_250', 'cbs_350', 'cat_1300']"
ipv6 nd ra lifetime,"['cbs_250', 'cbs_350', 'cat_1300']"
ipv6 nd ra suppress,"['cbs_250', 'cbs_350', 'cat_1300']"
ipv6 nd raguard,"['cbs_350', 'cat_1300']"
ipv6 nd raguard attach-policy (VLAN mode),"['cbs_350', 'cat_1300']"
ipv6 nd raguard attach-policy (port mode),"['cbs_350', 'cat_1300']"
ipv6 nd raguard hop-limit,"['cbs_350', 'cat_1300']"
ipv6 nd raguard managed-config-flag,"['cbs_350', 'cat_1300']"
ipv6 nd raguard other-config-flag,"['cbs_350', 'cat_1300']"
ipv6 nd raguard policy,"['cbs_350', 'cat_1300']"
ipv6 nd raguard router-preference,"['cbs_350', 'cat_1300']"
ipv6 nd reachable-time,"['cbs_250', 'cbs_350', 'cat_1300']"
ipv6 nd router-preference,"['cbs_250', 'cbs_350', 'cat_1300']"
ipv6 neighbor binding,"['cbs_350', 'cat_1300']"
ipv6 neighbor binding address-config,"['cbs_350', 'cat_1300']"
ipv6 neighbor binding address-prefix,"['cbs_350', 'cat_1300']"
ipv6 neighbor binding address-prefix-validation,"['cbs_350', 'cat_1300']"
ipv6 neighbor binding attach-policy (VLAN mode),"['cbs_350', 'cat_1300']"
ipv6 neighbor binding attach-policy (port mode),"['cbs_350', 'cat_1300']"
ipv6 neighbor binding lifetime,"['cbs_350', 'cat_1300']"
ipv6 neighbor binding max-entries,"['cbs_350', 'cat_1300']"
ipv6 neighbor binding policy,"['cbs_350', 'cat_1300']"
ipv6 neighbor binding static,"['cbs_350', 'cat_1300']"
ipv6 prefix-list,"['cbs_250', 'cbs_350', 'cat_1300']"
ipv6 redirects,"['cbs_250', 'cbs_350', 'cat_1300']"
ipv6 route,"['cbs_250', 'cbs_350', 'cat_1300']"
ipv6 source guard,"['cbs_350', 'cat_1300']"
ipv6 source guard attach-policy (port mode),"['cbs_350', 'cat_1300']"
ipv6 source guard policy,"['cbs_350', 'cat_1300']"
ipv6 ssh-client source-interface,"['cbs_250', 'cbs_350', 'cat_1300']"
ipv6 unicast-routing,"['cbs_250', 'cbs_350', 'cat_1300']"
ipv6 unreachables,"['cbs_250', 'cbs_350', 'cat_1300']"
iscsi enable,"['cbs_350', 'cat_1300']"
iscsi flow,"['cbs_350', 'cat_1300']"
iscsi qos,"['cbs_350', 'cat_1300']"
jumbo-frame,['cbs_220']
key (key chain),"['cbs_250', 'cbs_350', 'cat_1300']"
key chain,"['cbs_250', 'cbs_350', 'cat_1300']"
key-string,"['cbs_250', 'cbs_350', 'cat_1300']"
lacp port-priority,"['cbs_220', 'cbs_250', 'cbs_350', 'cat_1300']"
lacp system-priority,"['cbs_220', 'cbs_250', 'cbs_350', 'cat_1300']"
lacp timeout,"['cbs_220', 'cbs_250', 'cbs_350', 'cat_1300']"
lease,"['cbs_350', 'cat_1300']"
line,"['cbs_220', 'cbs_350', 'cat_1300']"
link-flap prevention,"['cbs_250', 'cbs_350', 'cat_1300']"
lldp chassis-id,"['cbs_250', 'cbs_350', 'cat_1300']"
lldp hold-multiplier,"['cbs_250', 'cbs_350', 'cat_1300']"
lldp holdtime-multiplier,['cbs_220']
lldp lldpdu,"['cbs_220', 'cbs_250', 'cbs_350', 'cat_1300']"
lldp management-address,"['cbs_250', 'cbs_350', 'cat_1300']"
lldp med,"['cbs_220', 'cbs_250', 'cbs_350', 'cat_1300']"
lldp med fast-start repeat-count,"['cbs_250', 'cbs_350', 'cat_1300']"
lldp med fast-start-repeat-count,['cbs_220']
lldp med location,"['cbs_220', 'cbs_250', 'cbs_350', 'cat_1300']"
lldp med network-policy (Global),['cbs_220']
lldp med network-policy (Interface),['cbs_220']
lldp med network-policy (global),"['cbs_250', 'cbs_350', 'cat_1300']"
lldp med network-policy (interface),"['cbs_250', 'cbs_350', 'cat_1300']"
lldp med network-policy voice auto,"['cbs_220', 'cbs_250', 'cbs_350', 'cat_1300']"
lldp med notifications topology-change,"['cbs_250', 'cbs_350', 'cat_1300']"
lldp med tlv-select,['cbs_220']
lldp notifications,"['cbs_250', 'cbs_350', 'cat_1300']"
lldp notifications interval,"['cbs_250', 'cbs_350', 'cat_1300']"
lldp optional-tlv,"['cbs_250', 'cbs_350', 'cat_1300']"
lldp optional-tlv 802.1,"['cbs_250', 'cbs_350', 'cat_1300']"
lldp receive,"['cbs_220', 'cbs_250', 'cbs_350', 'cat_1300']"
lldp reinit,"['cbs_220', 'cbs_250', 'cbs_350', 'cat_1300']"
lldp run,"['cbs_220', 'cbs_250', 'cbs_350', 'cat_1300']"
lldp timer,"['cbs_220', 'cbs_250', 'cbs_350', 'cat_1300']"
lldp tlv-select 802.1,['cbs_220']
lldp tlv-select TLV,['cbs_220']
lldp transmit,"['cbs_220', 'cbs_250', 'cbs_350', 'cat_1300']"
lldp tx-delay,"['cbs_220', 'cbs_250', 'cbs_350', 'cat_1300']"
log aggregation on,['cbs_220']
logging aggregation aging-time,"['cbs_220', 'cbs_250', 'cbs_350', 'cat_1300']"
logging aggregation on,"['cbs_250', 'cbs_350', 'cat_1300']"
logging binding,"['cbs_350', 'cat_1300']"
logging buffered,"['cbs_250', 'cbs_350', 'cat_1300']"
logging cbd level,"['cbs_250', 'cbs_350', 'cat_1300']"
logging cbd module,"['cbs_250', 'cbs_350', 'cat_1300']"
logging console,"['cbs_250', 'cbs_350', 'cat_1300']"
logging file,"['cbs_250', 'cbs_350', 'cat_1300']"
logging host,"['cbs_220', 'cbs_250', 'cbs_350', 'cat_1300']"
logging on,"['cbs_220', 'cbs_250', 'cbs_350', 'cat_1300']"
logging origin-id,"['cbs_250', 'cbs_350', 'cat_1300']"
logging packet drop,"['cbs_350', 'cat_1300']"
logging severity,['cbs_220']
logging source-interface,"['cbs_250', 'cbs_350', 'cat_1300']"
logging source-interface-ipv6,"['cbs_250', 'cbs_350', 'cat_1300']"
login,"['cbs_250', 'cbs_350', 'cat_1300']"
login authentication,"['cbs_220', 'cbs_250', 'cbs_350', 'cat_1300']"
login delay,"['cbs_250', 'cbs_350', 'cat_1300']"
login quiet-mode access-class,"['cbs_250', 'cbs_350', 'cat_1300']"
login-banner,"['cbs_250', 'cbs_350']"
loopback-detection enable (Global),"['cbs_220', 'cbs_250', 'cbs_350', 'cat_1300']"
loopback-detection enable (Interface),"['cbs_220', 'cbs_250', 'cbs_350', 'cat_1300']"
loopback-detection interval,"['cbs_220', 'cbs_250', 'cbs_350', 'cat_1300']"
mac access-group in,['cbs_220']
mac access-list,"['cbs_250', 'cbs_350', 'cat_1300']"
mac access-list extended,['cbs_220']
mac address-table aging-time,"['cbs_220', 'cbs_250', 'cbs_350', 'cat_1300']"
mac address-table static,"['cbs_220', 'cbs_250', 'cbs_350', 'cat_1300']"
macro,"['cbs_250', 'cbs_350', 'cat_1300']"
macro auto (Global),"['cbs_250', 'cbs_350', 'cat_1300']"
macro auto built-in parameters,"['cbs_250', 'cbs_350', 'cat_1300']"
macro auto persistent,"['cbs_250', 'cbs_350', 'cat_1300']"
macro auto processing cdp,"['cbs_250', 'cbs_350', 'cat_1300']"
macro auto processing lldp,"['cbs_250', 'cbs_350', 'cat_1300']"
macro auto processing type,"['cbs_250', 'cbs_350', 'cat_1300']"
macro auto resume,"['cbs_250', 'cbs_350', 'cat_1300']"
macro auto smartport (Interface),"['cbs_250', 'cbs_350', 'cat_1300']"
macro auto smartport type,"['cbs_250', 'cbs_350', 'cat_1300']"
macro auto trunk refresh,"['cbs_250', 'cbs_350', 'cat_1300']"
macro auto user smartport macro,"['cbs_250', 'cbs_350', 'cat_1300']"
macro description,"['cbs_250', 'cbs_350', 'cat_1300']"
macro global,"['cbs_250', 'cbs_350', 'cat_1300']"
macro global description,"['cbs_250', 'cbs_350', 'cat_1300']"
macro name,"['cbs_250', 'cbs_350', 'cat_1300']"
managed-config-flag,"['cbs_350', 'cat_1300']"
management access-class,"['cbs_220', 'cbs_250', 'cbs_350', 'cat_1300']"
management access-list,"['cbs_220', 'cbs_250', 'cbs_350', 'cat_1300']"
management vlan ip dhcp client,['cbs_220']
management vlan ip-address,['cbs_220']
management vlan ipv6 dhcp client information refresh,['cbs_220']
management vlan ipv6 dhcp client stateless,['cbs_220']
management vlan ipv6-address,['cbs_220']
management vlan ipv6-address-autoconfig,['cbs_220']
management vlan ipv6-address-dhcp,['cbs_220']
management-vlan,['cbs_220']
map mac macs-group,"['cbs_250', 'cbs_350', 'cat_1300']"
map protocol protocols-group,"['cbs_250', 'cbs_350', 'cat_1300']"
map subnet subnets-group,"['cbs_250', 'cbs_350', 'cat_1300']"
match,"['cbs_220', 'cbs_250', 'cbs_350', 'cat_1300']"
match ip address (Policy Routing),"['cbs_350', 'cat_1300']"
match ipv6 address (Policy Routing),"['cbs_350', 'cat_1300']"
match ra address,"['cbs_350', 'cat_1300']"
match ra prefixes,"['cbs_350', 'cat_1300']"
match reply,"['cbs_350', 'cat_1300']"
match server address,"['cbs_350', 'cat_1300']"
max-entries,"['cbs_350', 'cat_1300']"
mdix,"['cbs_250', 'cbs_350', 'cat_1300']"
mirror,"['cbs_250', 'cbs_350', 'cat_1300']"
mkdir,"['cbs_250', 'cbs_350', 'cat_1300']"
monitor session destination,"['cbs_250', 'cbs_350', 'cat_1300']"
monitor session destination interface,['cbs_220']
monitor session destination remote-span,['cbs_220']
monitor session source,"['cbs_250', 'cbs_350', 'cat_1300']"
monitor session source interfaces,['cbs_220']
monitor session source remote-span,['cbs_220']
more,"['cbs_250', 'cbs_350', 'cat_1300']"
name,"['cbs_250', 'cbs_350', 'cat_1300']"
name (MST),"['cbs_220', 'cbs_250', 'cbs_350', 'cat_1300']"
name (vlan),['cbs_220']
negotiation,"['cbs_250', 'cbs_350', 'cat_1300']"
netbios-name-server,"['cbs_350', 'cat_1300']"
netbios-node-type,"['cbs_350', 'cat_1300']"
network,"['cbs_350', 'cat_1300']"
next-server,"['cbs_350', 'cat_1300']"
next-server-name,"['cbs_350', 'cat_1300']"
no monitor session,['cbs_220']
no sequence,['cbs_220']
no sequence (Management),['cbs_220']
operation time,"['cbs_250', 'cbs_350', 'cat_1300']"
operation time-range,['cbs_220']
option,"['cbs_350', 'cat_1300']"
other-config-flag,"['cbs_350', 'cat_1300']"
passive-interface (RIP),"['cbs_350', 'cat_1300']"
passphrase,"['cbs_250', 'cbs_350', 'cat_1300']"
password,"['cbs_250', 'cbs_350', 'cat_1300']"
password complexity history,"['cbs_250', 'cbs_350', 'cat_1300']"
password-thresh,['cbs_220']
passwords aging,"['cbs_220', 'cbs_250', 'cbs_350', 'cat_1300']"
passwords complexity,"['cbs_250', 'cbs_350', 'cat_1300']"
passwords complexity attributes,['cbs_220']
passwords complexity enable,['cbs_220']
periodic,"['cbs_220', 'cbs_250', 'cbs_350', 'cat_1300']"
permit ( IP ),"['cbs_250', 'cbs_350', 'cat_1300']"
permit ( IPv6 ),"['cbs_250', 'cbs_350', 'cat_1300']"
permit ( MAC ),"['cbs_250', 'cbs_350', 'cat_1300']"
permit (IP),['cbs_220']
permit (IPv6),['cbs_220']
permit (MAC),['cbs_220']
permit (Management),"['cbs_220', 'cbs_250', 'cbs_350', 'cat_1300']"
ping,"['cbs_220', 'cbs_250', 'cbs_350', 'cat_1300']"
pnp device,"['cbs_250', 'cbs_350', 'cat_1300']"
pnp discovery timeout,"['cbs_250', 'cbs_350', 'cat_1300']"
pnp enable,"['cbs_250', 'cbs_350', 'cat_1300']"
pnp reconnect interval,"['cbs_250', 'cbs_350', 'cat_1300']"
pnp resume,"['cbs_250', 'cbs_350', 'cat_1300']"
pnp transport,"['cbs_250', 'cbs_350', 'cat_1300']"
pnp watchdog timeout,"['cbs_250', 'cbs_350', 'cat_1300']"
police,"['cbs_220', 'cbs_250', 'cbs_350', 'cat_1300']"
police aggregate,"['cbs_220', 'cbs_250', 'cbs_350', 'cat_1300']"
policy-map,"['cbs_220', 'cbs_250', 'cbs_350', 'cat_1300']"
port jumbo-frame,"['cbs_250', 'cbs_350', 'cat_1300']"
port leds enable,['cbs_220']
port security,"['cbs_250', 'cbs_350', 'cat_1300']"
port security max,"['cbs_250', 'cbs_350', 'cat_1300']"
port security mode,"['cbs_250', 'cbs_350', 'cat_1300']"
port security routed secure-address,"['cbs_250', 'cbs_350', 'cat_1300']"
port-channel load-balance,"['cbs_220', 'cbs_250', 'cbs_350', 'cat_1300']"
power inline,"['cbs_220', 'cbs_250', 'cbs_350', 'cat_1300']"
power inline four-pair forced,"['cbs_250', 'cbs_350', 'cat_1300']"
power inline inrush test disable,"['cbs_250', 'cbs_350', 'cat_1300']"
power inline legacy enable,['cbs_220']
power inline legacy support disable,"['cbs_250', 'cbs_350', 'cat_1300']"
power inline limit,"['cbs_220', 'cbs_250', 'cbs_350', 'cat_1300']"
power inline limit-mode,"['cbs_220', 'cbs_250', 'cbs_350', 'cat_1300']"
power inline negotiation,"['cbs_250', 'cbs_350', 'cat_1300']"
power inline powered-device,"['cbs_250', 'cbs_350', 'cat_1300']"
power inline priority,"['cbs_220', 'cbs_250', 'cbs_350', 'cat_1300']"
power inline traps enable,"['cbs_220', 'cbs_250', 'cbs_350', 'cat_1300']"
power inline usage-threshold,"['cbs_220', 'cbs_250', 'cbs_350', 'cat_1300']"
preference,"['cbs_350', 'cat_1300']"
priority-queue out num-of-queues,"['cbs_220', 'cbs_250', 'cbs_350', 'cat_1300']"
private-vlan,"['cbs_250', 'cbs_350', 'cat_1300']"
private-vlan association,"['cbs_250', 'cbs_350', 'cat_1300']"
privilege-level,"['cbs_250', 'cbs_350', 'cat_1300']"
profile range,['cbs_220']
pwd,"['cbs_250', 'cbs_350', 'cat_1300']"
qos,"['cbs_220', 'cbs_250', 'cbs_350', 'cat_1300']"
qos advanced-mode trust,"['cbs_220', 'cbs_250', 'cbs_350', 'cat_1300']"
qos aggregate-policer,"['cbs_220', 'cbs_250', 'cbs_350', 'cat_1300']"
qos cos,"['cbs_220', 'cbs_250', 'cbs_350', 'cat_1300']"
qos dscp-mutation,"['cbs_250', 'cbs_350', 'cat_1300']"
qos map cos-queue,['cbs_220']
qos map dscp-queue,"['cbs_220', 'cbs_250', 'cbs_350', 'cat_1300']"
qos map policed-dscp,"['cbs_250', 'cbs_350', 'cat_1300']"
qos map precedence-queue,['cbs_220']
qos map queue-cos,['cbs_220']
qos map queue-dscp,['cbs_220']
qos map queue-precedence,['cbs_220']
qos remark,['cbs_220']
qos statistics aggregate-policer,"['cbs_250', 'cbs_350', 'cat_1300']"
qos statistics policer,"['cbs_250', 'cbs_350', 'cat_1300']"
qos trust (Global),"['cbs_220', 'cbs_250', 'cbs_350', 'cat_1300']"
qos trust (Interface),"['cbs_220', 'cbs_250', 'cbs_350', 'cat_1300']"
qos wrr-queue wrtd,"['cbs_250', 'cbs_350', 'cat_1300']"
radius server accounting-port,"['cbs_250', 'cbs_350', 'cat_1300']"
radius server authentication-port,"['cbs_250', 'cbs_350', 'cat_1300']"
radius server enable,"['cbs_250', 'cbs_350', 'cat_1300']"
radius server group,"['cbs_250', 'cbs_350', 'cat_1300']"
radius server nas secret,"['cbs_250', 'cbs_350', 'cat_1300']"
radius server traps accounting,"['cbs_250', 'cbs_350', 'cat_1300']"
radius server traps authentication success,"['cbs_250', 'cbs_350', 'cat_1300']"
radius server user,"['cbs_250', 'cbs_350', 'cat_1300']"
radius-server deadtime,"['cbs_350', 'cat_1300']"
radius-server default-param,['cbs_220']
radius-server host,"['cbs_220', 'cbs_350', 'cat_1300']"
radius-server host source-interface,"['cbs_350', 'cat_1300']"
radius-server host source-interface-ipv6,"['cbs_350', 'cat_1300']"
radius-server key,"['cbs_350', 'cat_1300']"
radius-server retransmit,"['cbs_350', 'cat_1300']"
radius-server timeout,"['cbs_350', 'cat_1300']"
rate-limit (Ethernet),"['cbs_250', 'cbs_350', 'cat_1300']"
rate-limit (Interface),['cbs_220']
rate-limit (VLAN),['cbs_220']
rate-limit vlan,"['cbs_250', 'cbs_350', 'cat_1300']"
redirect,"['cbs_250', 'cbs_350', 'cat_1300']"
redistribute (RIP),"['cbs_350', 'cat_1300']"
reload,"['cbs_220', 'cbs_250', 'cbs_350', 'cat_1300']"
reload factory-default,['cat_1300']
remote-span,"['cbs_220', 'cbs_250', 'cbs_350', 'cat_1300']"
rename,"['cbs_250', 'cbs_350', 'cat_1300']"
renew dhcp,"['cbs_250', 'cbs_350', 'cat_1300']"
renew dhcp force-autoconfig,['cbs_220']
renew ip dhcp snooping database,['cbs_220']
resume,"['cbs_250', 'cbs_350', 'cat_1300']"
revision (MST),"['cbs_220', 'cbs_250', 'cbs_350', 'cat_1300']"
rmdir,"['cbs_250', 'cbs_350', 'cat_1300']"
rmon alarm,"['cbs_220', 'cbs_250', 'cbs_350', 'cat_1300']"
rmon collection stats,"['cbs_250', 'cbs_350', 'cat_1300']"
rmon event,"['cbs_220', 'cbs_250', 'cbs_350', 'cat_1300']"
rmon history,['cbs_220']
rmon table-size,"['cbs_250', 'cbs_350', 'cat_1300']"
route-map (Policy Routing),"['cbs_350', 'cat_1300']"
router rip,"['cbs_350', 'cat_1300']"
router-preference,"['cbs_350', 'cat_1300']"
sec-level minimum,"['cbs_350', 'cat_1300']"
security-suite deny fragmented,"['cbs_250', 'cbs_350', 'cat_1300']"
security-suite deny icmp,"['cbs_250', 'cbs_350', 'cat_1300']"
security-suite deny martian-addresses,"['cbs_250', 'cbs_350', 'cat_1300']"
security-suite deny syn,"['cbs_250', 'cbs_350', 'cat_1300']"
security-suite deny syn-fin,"['cbs_250', 'cbs_350', 'cat_1300']"
security-suite dos (Global),['cbs_220']
security-suite dos (Interface),['cbs_220']
security-suite dos ip gratuitous-arps,['cbs_220']
security-suite dos protect,"['cbs_250', 'cbs_350', 'cat_1300']"
security-suite dos syn-attack,"['cbs_250', 'cbs_350', 'cat_1300']"
security-suite enable,"['cbs_250', 'cbs_350', 'cat_1300']"
security-suite syn protection mode,"['cbs_220', 'cbs_250', 'cbs_350', 'cat_1300']"
security-suite syn protection recovery,"['cbs_220', 'cbs_250', 'cbs_350', 'cat_1300']"
security-suite syn protection threshold,"['cbs_220', 'cbs_250', 'cbs_350', 'cat_1300']"
send-lifetime,"['cbs_250', 'cbs_350', 'cat_1300']"
service cpu-utilization,"['cbs_250', 'cbs_350', 'cat_1300']"
service mirror-configuration,"['cbs_250', 'cbs_350', 'cat_1300']"
service password-recovery,"['cbs_250', 'cbs_350', 'cat_1300']"
service-acl input,"['cbs_250', 'cbs_350', 'cat_1300']"
service-acl output,"['cbs_250', 'cbs_350', 'cat_1300']"
service-policy,"['cbs_220', 'cbs_250', 'cbs_350', 'cat_1300']"
set,"['cbs_220', 'cbs_250', 'cbs_350', 'cat_1300']"
set interface active,"['cbs_250', 'cbs_350', 'cat_1300']"
set ip next-hop,"['cbs_350', 'cat_1300']"
set ipv6 next-hop,"['cbs_350', 'cat_1300']"
set router hardware-routing active,"['cbs_250', 'cbs_350', 'cat_1300']"
set stack mode,['cbs_350']
set stack unit-type,"['cbs_350', 'cat_1300']"
sflow counters-sampling,"['cbs_350', 'cat_1300']"
sflow flow-sampling,"['cbs_350', 'cat_1300']"
sflow receiver,"['cbs_350', 'cat_1300']"
sflow receiver source-interface,"['cbs_350', 'cat_1300']"
sflow receiver source-interface-ipv6,"['cbs_350', 'cat_1300']"
show (MST),"['cbs_250', 'cbs_350', 'cat_1300']"
show SSD,"['cbs_250', 'cbs_350', 'cat_1300']"
show aaa authentication lists,['cbs_220']
show access-lists,"['cbs_220', 'cbs_250', 'cbs_350', 'cat_1300']"
show access-lists utilization,['cbs_220']
show accounting,"['cbs_250', 'cbs_350', 'cat_1300']"
show arp,"['cbs_220', 'cbs_250', 'cbs_350', 'cat_1300']"
show arp configuration,"['cbs_250', 'cbs_350', 'cat_1300']"
show authentication methods,"['cbs_250', 'cbs_350', 'cat_1300']"
show backup-config,['cbs_220']
show banner,"['cbs_220', 'cbs_250', 'cbs_350', 'cat_1300']"
show bluetooth status,['cat_1300']
show bonjour,"['cbs_220', 'cbs_250', 'cbs_350', 'cat_1300']"
show boot,"['cbs_220', 'cbs_250', 'cbs_350', 'cat_1300']"
show bootvar,['cbs_220']
show bootvar / show version,"['cbs_250', 'cbs_350', 'cat_1300']"
show bridge multicast address-table,"['cbs_250', 'cbs_350', 'cat_1300']"
show bridge multicast address-table static,"['cbs_250', 'cbs_350', 'cat_1300']"
show bridge multicast filtering,"['cbs_250', 'cbs_350', 'cat_1300']"
show bridge multicast mode,"['cbs_250', 'cbs_350', 'cat_1300']"
show bridge multicast reserved-address,['cbs_220']
show bridge multicast reserved-addresses,"['cbs_250', 'cbs_350', 'cat_1300']"
show bridge unicast unknown,"['cbs_250', 'cbs_350', 'cat_1300']"
show ca-certificate,"['cbs_250', 'cbs_350', 'cat_1300']"
show ca-certificate revocation,"['cbs_250', 'cbs_350', 'cat_1300']"
show cable-diagnostics cable-length,"['cbs_220', 'cbs_250', 'cbs_350', 'cat_1300']"
show cable-diagnostics tdr,"['cbs_250', 'cbs_350', 'cat_1300']"
show cbd,"['cbs_250', 'cbs_350', 'cat_1300']"
show cdp,"['cbs_220', 'cbs_250', 'cbs_350', 'cat_1300']"
show cdp entry,"['cbs_220', 'cbs_250', 'cbs_350', 'cat_1300']"
show cdp interface,"['cbs_250', 'cbs_350', 'cat_1300']"
show cdp interfaces,['cbs_220']
show cdp neighbors,"['cbs_220', 'cbs_250', 'cbs_350', 'cat_1300']"
show cdp tlv,"['cbs_220', 'cbs_250', 'cbs_350', 'cat_1300']"
show cdp traffic,"['cbs_250', 'cbs_350', 'cat_1300']"
show cdp traffic (Interface),['cbs_220']
show cdp traffic global,['cbs_220']
show class-map,"['cbs_220', 'cbs_250', 'cbs_350', 'cat_1300']"
show clock,"['cbs_220', 'cbs_250', 'cbs_350', 'cat_1300']"
show cpld version,"['cbs_250', 'cbs_350', 'cat_1300']"
show cpu input rate,"['cbs_220', 'cbs_250', 'cbs_350', 'cat_1300']"
show cpu utilization,"['cbs_220', 'cbs_250', 'cbs_350', 'cat_1300']"
show crypto certificate,"['cbs_250', 'cbs_350', 'cat_1300']"
show crypto key,"['cbs_250', 'cbs_350', 'cat_1300']"
show crypto key pubkey-chain ssh,"['cbs_250', 'cbs_350', 'cat_1300']"
show dot1x,"['cbs_220', 'cbs_250', 'cbs_350', 'cat_1300']"
show dot1x authenticated-hosts,['cbs_220']
show dot1x credentials,"['cbs_250', 'cbs_350', 'cat_1300']"
show dot1x guest-vlan,['cbs_220']
show dot1x locked clients,"['cbs_250', 'cbs_350', 'cat_1300']"
show dot1x sessions,['cbs_220']
show dot1x statistics,"['cbs_250', 'cbs_350', 'cat_1300']"
show dot1x users,"['cbs_250', 'cbs_350', 'cat_1300']"
show dying-gasp packets,['cat_1300']
show dying-gasp status,['cat_1300']
show eee,"['cbs_250', 'cbs_350', 'cat_1300']"
show env all,['cbs_220']
show environment,"['cbs_250', 'cbs_350', 'cat_1300']"
show errdisable interfaces,"['cbs_250', 'cbs_350', 'cat_1300']"
show errdisable recovery,"['cbs_220', 'cbs_250', 'cbs_350', 'cat_1300']"
show etherchannel summary,['cbs_220']
show fiber-ports optical-transceiver,"['cbs_220', 'cbs_250', 'cbs_350', 'cat_1300']"
show green-ethernet,"['cbs_250', 'cbs_350', 'cat_1300']"
show gvrp,['cbs_220']
show gvrp configuration,"['cbs_220', 'cbs_250', 'cbs_350', 'cat_1300']"
show gvrp error-statistics,"['cbs_220', 'cbs_250', 'cbs_350', 'cat_1300']"
show gvrp statistics,"['cbs_220', 'cbs_250', 'cbs_350', 'cat_1300']"
show hardware components,"['cbs_250', 'cbs_350', 'cat_1300']"
show hardware version,"['cbs_250', 'cbs_350', 'cat_1300']"
show history,"['cbs_220', 'cbs_250', 'cbs_350', 'cat_1300']"
show hosts,"['cbs_220', 'cbs_250', 'cbs_350', 'cat_1300']"
show interface status,['cbs_220']
show interfaces access-lists trapped packets,"['cbs_250', 'cbs_350', 'cat_1300']"
show interfaces advertise,"['cbs_250', 'cbs_350', 'cat_1300']"
show interfaces configuration,"['cbs_250', 'cbs_350', 'cat_1300']"
show interfaces counters,"['cbs_250', 'cbs_350', 'cat_1300']"
show interfaces description,"['cbs_250', 'cbs_350', 'cat_1300']"
show interfaces port-channel,"['cbs_250', 'cbs_350', 'cat_1300']"
show interfaces protected-ports,"['cbs_220', 'cbs_250', 'cbs_350', 'cat_1300']"
show interfaces status,"['cbs_250', 'cbs_350', 'cat_1300']"
show interfaces switchport,"['cbs_220', 'cbs_250', 'cbs_350', 'cat_1300']"
show inventory,"['cbs_250', 'cbs_350', 'cat_1300']"
show ip,['cbs_220']
show ip arp inspection,"['cbs_220', 'cbs_350', 'cat_1300']"
show ip arp inspection interfaces,['cbs_220']
show ip arp inspection list,"['cbs_350', 'cat_1300']"
show ip arp inspection statistics,"['cbs_220', 'cbs_350', 'cat_1300']"
show ip dhcp,"['cbs_220', 'cbs_350', 'cat_1300']"
show ip dhcp allocated,"['cbs_350', 'cat_1300']"
show ip dhcp binding,"['cbs_350', 'cat_1300']"
show ip dhcp client interface,"['cbs_250', 'cbs_350', 'cat_1300']"
show ip dhcp declined,"['cbs_350', 'cat_1300']"
show ip dhcp excluded-addresses,"['cbs_350', 'cat_1300']"
show ip dhcp expired,"['cbs_350', 'cat_1300']"
show ip dhcp information option,"['cbs_250', 'cbs_350', 'cat_1300']"
show ip dhcp information option tokens,"['cbs_250', 'cbs_350', 'cat_1300']"
show ip dhcp pool host,"['cbs_350', 'cat_1300']"
show ip dhcp pool network,"['cbs_350', 'cat_1300']"
show ip dhcp pre-allocated,"['cbs_350', 'cat_1300']"
show ip dhcp relay,"['cbs_250', 'cbs_350', 'cat_1300']"
show ip dhcp server statistics,"['cbs_350', 'cat_1300']"
show ip dhcp snooping,"['cbs_220', 'cbs_350', 'cat_1300']"
show ip dhcp snooping binding,"['cbs_220', 'cbs_350', 'cat_1300']"
show ip dhcp snooping database,['cbs_220']
show ip dhcp snooping information option format remote-id,['cbs_220']
show ip dhcp snooping interfaces,['cbs_220']
show ip dhcp snooping interfaces statistics,['cbs_220']
show ip dhcp tftp-server,"['cbs_220', 'cbs_250', 'cbs_350', 'cat_1300']"
show ip helper-address,"['cbs_250', 'cbs_350', 'cat_1300']"
show ip http,"['cbs_220', 'cbs_250', 'cbs_350', 'cat_1300']"
show ip https,"['cbs_220', 'cbs_250', 'cbs_350', 'cat_1300']"
show ip igmp counters,"['cbs_250', 'cbs_350', 'cat_1300']"
show ip igmp filter,['cbs_220']
show ip igmp groups,"['cbs_250', 'cbs_350', 'cat_1300']"
show ip igmp groups summary,"['cbs_250', 'cbs_350', 'cat_1300']"
show ip igmp interface,"['cbs_250', 'cbs_350', 'cat_1300']"
show ip igmp max-group,['cbs_220']
show ip igmp max-group action,['cbs_220']
show ip igmp profile,['cbs_220']
show ip igmp snooping,['cbs_220']
show ip igmp snooping forward-all,['cbs_220']
show ip igmp snooping groups,"['cbs_220', 'cbs_250', 'cbs_350', 'cat_1300']"
show ip igmp snooping interface,"['cbs_250', 'cbs_350', 'cat_1300']"
show ip igmp snooping mrouter,"['cbs_220', 'cbs_250', 'cbs_350', 'cat_1300']"
show ip igmp snooping multicast-tv,"['cbs_250', 'cbs_350', 'cat_1300']"
show ip igmp snooping querier,['cbs_220']
show ip igmp snooping vlan,['cbs_220']
show ip igmp-proxy interface,"['cbs_350', 'cat_1300']"
show ip interface,"['cbs_250', 'cbs_350', 'cat_1300']"
show ip mroute,"['cbs_350', 'cat_1300']"
show ip multicast,"['cbs_350', 'cat_1300']"
show ip protocols,"['cbs_250', 'cbs_350', 'cat_1300']"
show ip rip database,"['cbs_350', 'cat_1300']"
show ip rip peers,"['cbs_350', 'cat_1300']"
show ip route,"['cbs_250', 'cbs_350', 'cat_1300']"
show ip route summary,"['cbs_250', 'cbs_350', 'cat_1300']"
show ip source binding,['cbs_220']
show ip ssh,"['cbs_250', 'cbs_350', 'cat_1300']"
show ip ssh-client,"['cbs_250', 'cbs_350', 'cat_1300']"
show ip ssh-client server,"['cbs_250', 'cbs_350', 'cat_1300']"
show ip verify source interfaces,['cbs_220']
show ipv6,['cbs_220']
show ipv6 dhcp,"['cbs_220', 'cbs_250', 'cbs_350', 'cat_1300']"
show ipv6 dhcp guard,"['cbs_350', 'cat_1300']"
show ipv6 dhcp guard policy,"['cbs_350', 'cat_1300']"
show ipv6 dhcp interface,"['cbs_250', 'cbs_350', 'cat_1300']"
show ipv6 first hop security,"['cbs_350', 'cat_1300']"
show ipv6 first hop security active policies,"['cbs_350', 'cat_1300']"
show ipv6 first hop security attached policies,"['cbs_350', 'cat_1300']"
show ipv6 first hop security counters,"['cbs_350', 'cat_1300']"
show ipv6 first hop security error counters,"['cbs_350', 'cat_1300']"
show ipv6 first hop security policy,"['cbs_350', 'cat_1300']"
show ipv6 interface,"['cbs_250', 'cbs_350', 'cat_1300']"
show ipv6 link-local default zone,"['cbs_250', 'cbs_350', 'cat_1300']"
show ipv6 mld counters,"['cbs_250', 'cbs_350', 'cat_1300']"
show ipv6 mld filter,['cbs_220']
show ipv6 mld groups,"['cbs_250', 'cbs_350', 'cat_1300']"
show ipv6 mld groups summary,"['cbs_250', 'cbs_350', 'cat_1300']"
show ipv6 mld interface,"['cbs_250', 'cbs_350', 'cat_1300']"
show ipv6 mld max-group,['cbs_220']
show ipv6 mld max-group action,['cbs_220']
show ipv6 mld profile,['cbs_220']
show ipv6 mld snooping,['cbs_220']
show ipv6 mld snooping forward-all,['cbs_220']
show ipv6 mld snooping groups,"['cbs_220', 'cbs_250', 'cbs_350', 'cat_1300']"
show ipv6 mld snooping interface,"['cbs_250', 'cbs_350', 'cat_1300']"
show ipv6 mld snooping mrouter,"['cbs_220', 'cbs_250', 'cbs_350', 'cat_1300']"
show ipv6 mld snooping vlan,['cbs_220']
show ipv6 mld-proxy interface,"['cbs_350', 'cat_1300']"
show ipv6 mroute,"['cbs_350', 'cat_1300']"
show ipv6 multicast,"['cbs_350', 'cat_1300']"
show ipv6 nd inspection,"['cbs_350', 'cat_1300']"
show ipv6 nd inspection policy,"['cbs_350', 'cat_1300']"
show ipv6 nd prefix,"['cbs_250', 'cbs_350', 'cat_1300']"
show ipv6 nd raguard,"['cbs_350', 'cat_1300']"
show ipv6 nd raguard policy,"['cbs_350', 'cat_1300']"
show ipv6 neighbor binding,"['cbs_350', 'cat_1300']"
show ipv6 neighbor binding policy,"['cbs_350', 'cat_1300']"
show ipv6 neighbor binding prefix table,"['cbs_350', 'cat_1300']"
show ipv6 neighbor binding table,"['cbs_350', 'cat_1300']"
show ipv6 neighbors,"['cbs_250', 'cbs_350', 'cat_1300']"
show ipv6 prefix-list,"['cbs_250', 'cbs_350', 'cat_1300']"
show ipv6 route,"['cbs_250', 'cbs_350', 'cat_1300']"
show ipv6 route summary,"['cbs_250', 'cbs_350', 'cat_1300']"
show ipv6 source guard,"['cbs_350', 'cat_1300']"
show ipv6 source guard policy,"['cbs_350', 'cat_1300']"
show ipv6 static,"['cbs_250', 'cbs_350', 'cat_1300']"
show ipv6 tunnel,"['cbs_250', 'cbs_350', 'cat_1300']"
show iscsi,"['cbs_350', 'cat_1300']"
show key chain,"['cbs_250', 'cbs_350', 'cat_1300']"
show lacp,"['cbs_220', 'cbs_250', 'cbs_350', 'cat_1300']"
show lacp port-channel,"['cbs_250', 'cbs_350', 'cat_1300']"
show line,"['cbs_220', 'cbs_350', 'cat_1300']"
show line lists,['cbs_220']
show link-flap prevention,"['cbs_250', 'cbs_350', 'cat_1300']"
show lldp,['cbs_220']
show lldp configuration,"['cbs_250', 'cbs_350', 'cat_1300']"
show lldp interfaces,['cbs_220']
show lldp interfaces tlvs-overloading,['cbs_220']
show lldp local,"['cbs_250', 'cbs_350', 'cat_1300']"
show lldp local tlvs-overloading,"['cbs_250', 'cbs_350', 'cat_1300']"
show lldp local-device,['cbs_220']
show lldp med,['cbs_220']
show lldp med configuration,"['cbs_250', 'cbs_350', 'cat_1300']"
show lldp neighbor,['cbs_220']
show lldp neighbors,"['cbs_250', 'cbs_350', 'cat_1300']"
show lldp statistics,"['cbs_220', 'cbs_250', 'cbs_350', 'cat_1300']"
show logging,"['cbs_220', 'cbs_250', 'cbs_350', 'cat_1300']"
show logging file,"['cbs_250', 'cbs_350', 'cat_1300']"
show login,"['cbs_250', 'cbs_350', 'cat_1300']"
show login failures,"['cbs_250', 'cbs_350', 'cat_1300']"
show loopback-detection,"['cbs_220', 'cbs_250', 'cbs_350', 'cat_1300']"
show mac address-table,"['cbs_220', 'cbs_250', 'cbs_350', 'cat_1300']"
show mac address-table aging-time,['cbs_220']
show mac address-table count,"['cbs_250', 'cbs_350', 'cat_1300']"
show macro auto ports,"['cbs_250', 'cbs_350', 'cat_1300']"
show macro auto processing,"['cbs_250', 'cbs_350', 'cat_1300']"
show macro auto smart-macros,"['cbs_250', 'cbs_350', 'cat_1300']"
show management access-class,"['cbs_220', 'cbs_250', 'cbs_350', 'cat_1300']"
show management access-list,"['cbs_220', 'cbs_250', 'cbs_350', 'cat_1300']"
show management-vlan,['cbs_220']
show memory statistics,['cbs_220']
show mirror-configuration service,"['cbs_250', 'cbs_350', 'cat_1300']"
show monitor,['cbs_220']
show monitor session,"['cbs_250', 'cbs_350', 'cat_1300']"
show parser macro,"['cbs_250', 'cbs_350', 'cat_1300']"
show passwords configuration,"['cbs_220', 'cbs_250', 'cbs_350', 'cat_1300']"
show platform certificate,['cat_1300']
show platform hardware integrity,['cat_1300']
show platform integrity,['cat_1300']
show pnp,"['cbs_250', 'cbs_350', 'cat_1300']"
show policy-map,"['cbs_220', 'cbs_250', 'cbs_350', 'cat_1300']"
show policy-map interface,['cbs_220']
show port leds configuration,['cbs_220']
show port-security,['cbs_220']
show ports jumbo-frame,"['cbs_250', 'cbs_350', 'cat_1300']"
show ports leds configuration,"['cbs_250', 'cbs_350', 'cat_1300']"
show ports security,"['cbs_250', 'cbs_350', 'cat_1300']"
show ports security addresses,"['cbs_250', 'cbs_350', 'cat_1300']"
show power inline,"['cbs_220', 'cbs_250', 'cbs_350', 'cat_1300']"
show power inline consumption,['cbs_220']
show power inline monitor consumption,"['cbs_250', 'cbs_350', 'cat_1300']"
show power inline savings,"['cbs_250', 'cbs_350', 'cat_1300']"
show privilege,"['cbs_220', 'cbs_250', 'cbs_350', 'cat_1300']"
show qos,"['cbs_220', 'cbs_250', 'cbs_350', 'cat_1300']"
show qos aggregate-policer,"['cbs_220', 'cbs_250', 'cbs_350', 'cat_1300']"
show qos interface,"['cbs_250', 'cbs_350', 'cat_1300']"
show qos interfaces,['cbs_220']
show qos map,"['cbs_220', 'cbs_250', 'cbs_350', 'cat_1300']"
show qos queueing,['cbs_220']
show qos statistics,"['cbs_250', 'cbs_350', 'cat_1300']"
show qos wrr-queue wrtd,"['cbs_250', 'cbs_350', 'cat_1300']"
show queue statistics,"['cbs_250', 'cbs_350', 'cat_1300']"
show radius server accounting,"['cbs_250', 'cbs_350', 'cat_1300']"
show radius server configuration,"['cbs_250', 'cbs_350', 'cat_1300']"
show radius server group,"['cbs_250', 'cbs_350', 'cat_1300']"
show radius server nas secret,"['cbs_250', 'cbs_350', 'cat_1300']"
show radius server rejected users,"['cbs_250', 'cbs_350', 'cat_1300']"
show radius server statistics,"['cbs_250', 'cbs_350', 'cat_1300']"
show radius server unknown nas,"['cbs_250', 'cbs_350', 'cat_1300']"
show radius server user,"['cbs_250', 'cbs_350', 'cat_1300']"
show radius-server,['cbs_220']
show radius-server default-param,['cbs_220']
show radius-servers,"['cbs_350', 'cat_1300']"
show radius-servers key,"['cbs_350', 'cat_1300']"
show rate-limit interface,"['cbs_250', 'cbs_350', 'cat_1300']"
show rate-limit vlan,"['cbs_220', 'cbs_250', 'cbs_350', 'cat_1300']"
show reload,"['cbs_250', 'cbs_350', 'cat_1300']"
show rmon alarm,"['cbs_220', 'cbs_250', 'cbs_350', 'cat_1300']"
show rmon alarm-table,"['cbs_250', 'cbs_350', 'cat_1300']"
show rmon collection stats,"['cbs_250', 'cbs_350', 'cat_1300']"
show rmon event,['cbs_220']
show rmon event log,['cbs_220']
show rmon events,"['cbs_250', 'cbs_350', 'cat_1300']"
show rmon history,"['cbs_220', 'cbs_250', 'cbs_350', 'cat_1300']"
show rmon log,"['cbs_250', 'cbs_350', 'cat_1300']"
show rmon statistics,"['cbs_250', 'cbs_350', 'cat_1300']"
show rmon statistics interfaces,['cbs_220']
show route-map,"['cbs_350', 'cat_1300']"
show router hardware-routing status,"['cbs_250', 'cbs_350', 'cat_1300']"
show running-config,"['cbs_220', 'cbs_250', 'cbs_350', 'cat_1300']"
show security-suite configuration,"['cbs_250', 'cbs_350', 'cat_1300']"
show security-suite dos,['cbs_220']
show security-suite dos interfaces,['cbs_220']
show security-suite syn protection,"['cbs_220', 'cbs_250', 'cbs_350', 'cat_1300']"
show services tcp-udp,"['cbs_220', 'cbs_250', 'cbs_350', 'cat_1300']"
show sessions,"['cbs_250', 'cbs_350', 'cat_1300']"
show sflow configuration,"['cbs_350', 'cat_1300']"
show snmp,"['cbs_250', 'cbs_350', 'cat_1300']"
show snmp engineID,"['cbs_250', 'cbs_350', 'cat_1300']"
show snmp filters,"['cbs_250', 'cbs_350', 'cat_1300']"
show snmp groups,"['cbs_250', 'cbs_350', 'cat_1300']"
show snmp users,"['cbs_250', 'cbs_350', 'cat_1300']"
show snmp views,"['cbs_250', 'cbs_350', 'cat_1300']"
show snmp-server,['cbs_220']
show snmp-server community,['cbs_220']
show snmp-server engineid,['cbs_220']
show snmp-server group,['cbs_220']
show snmp-server host,['cbs_220']
show snmp-server trap,['cbs_220']
show snmp-server user,['cbs_220']
show snmp-server view,['cbs_220']
show sntp configuration,"['cbs_220', 'cbs_250', 'cbs_350', 'cat_1300']"
show sntp status,"['cbs_250', 'cbs_350', 'cat_1300']"
show software versions,"['cbs_250', 'cbs_350', 'cat_1300']"
show spanning-tree,"['cbs_220', 'cbs_250', 'cbs_350', 'cat_1300']"
show spanning-tree bpdu,"['cbs_250', 'cbs_350', 'cat_1300']"
show spanning-tree interfaces,['cbs_220']
show spanning-tree mst,['cbs_220']
show spanning-tree mst configuration,['cbs_220']
show spanning-tree mst interfaces,['cbs_220']
show ssd session,"['cbs_250', 'cbs_350', 'cat_1300']"
show stack,"['cbs_350', 'cat_1300']"
show stack configuration,"['cbs_350', 'cat_1300']"
show stack links,"['cbs_350', 'cat_1300']"
show startup-config,"['cbs_220', 'cbs_250', 'cbs_350', 'cat_1300']"
show storm-control,['cbs_220']
show storm-control interface,"['cbs_250', 'cbs_350', 'cat_1300']"
show surveillance-vlan interface,['cat_1300']
show switchport monitor,"['cbs_250', 'cbs_350', 'cat_1300']"
show syslog-servers,"['cbs_250', 'cbs_350', 'cat_1300']"
show system,"['cbs_250', 'cbs_350', 'cat_1300']"
show system fans,"['cbs_250', 'cbs_350', 'cat_1300']"
show system id,"['cbs_250', 'cbs_350', 'cat_1300']"
show system languages,"['cbs_220', 'cbs_250', 'cbs_350', 'cat_1300']"
show system resources,"['cbs_250', 'cbs_350', 'cat_1300']"
show system sensors,"['cbs_250', 'cbs_350', 'cat_1300']"
show system tcam utilization,"['cbs_250', 'cbs_350', 'cat_1300']"
show tacacs,"['cbs_220', 'cbs_350', 'cat_1300']"
show tacacs default-config,['cbs_220']
show tacacs key,"['cbs_350', 'cat_1300']"
show tech-support,"['cbs_220', 'cbs_250', 'cbs_350', 'cat_1300']"
show time-range,"['cbs_220', 'cbs_250', 'cbs_350', 'cat_1300']"
show udld,"['cbs_350', 'cat_1300']"
show username,['cbs_220']
show users,"['cbs_220', 'cbs_250', 'cbs_350', 'cat_1300']"
show users accounts,"['cbs_250', 'cbs_350', 'cat_1300']"
show users login-history,"['cbs_250', 'cbs_350', 'cat_1300']"
show version,['cbs_220']
show vlan,"['cbs_220', 'cbs_250', 'cbs_350', 'cat_1300']"
show vlan default-vlan,['cbs_220']
show vlan internal usage,"['cbs_250', 'cbs_350', 'cat_1300']"
show vlan macs-groups,"['cbs_250', 'cbs_350', 'cat_1300']"
show vlan multicast-tv,"['cbs_250', 'cbs_350', 'cat_1300']"
show vlan private-vlan,"['cbs_250', 'cbs_350', 'cat_1300']"
show vlan protocols-groups,"['cbs_250', 'cbs_350', 'cat_1300']"
show vlan remote-span,"['cbs_220', 'cbs_250', 'cbs_350', 'cat_1300']"
show vlan subnets-groups,"['cbs_250', 'cbs_350', 'cat_1300']"
show voice vlan,"['cbs_220', 'cbs_250', 'cbs_350', 'cat_1300']"
show voice vlan local,"['cbs_250', 'cbs_350', 'cat_1300']"
shutdown,"['cbs_220', 'cbs_250', 'cbs_350', 'cat_1300']"
silent-time,['cbs_220']
smartport storm-control,"['cbs_250', 'cbs_350', 'cat_1300']"
snmp trap link-status,"['cbs_250', 'cbs_350', 'cat_1300']"
snmp-server,['cbs_220']
snmp-server community,"['cbs_220', 'cbs_250', 'cbs_350', 'cat_1300']"
snmp-server community-group,"['cbs_250', 'cbs_350', 'cat_1300']"
snmp-server contact,"['cbs_220', 'cbs_250', 'cbs_350', 'cat_1300']"
snmp-server enable traps,"['cbs_250', 'cbs_350', 'cat_1300']"
snmp-server engineID local,"['cbs_250', 'cbs_350', 'cat_1300']"
snmp-server engineID remote,"['cbs_250', 'cbs_350', 'cat_1300']"
snmp-server engineid,['cbs_220']
snmp-server engineid remote,['cbs_220']
snmp-server filter,"['cbs_250', 'cbs_350', 'cat_1300']"
snmp-server group,"['cbs_220', 'cbs_250', 'cbs_350', 'cat_1300']"
snmp-server host,"['cbs_220', 'cbs_250', 'cbs_350', 'cat_1300']"
snmp-server location,"['cbs_220', 'cbs_250', 'cbs_350', 'cat_1300']"
snmp-server server,"['cbs_250', 'cbs_350', 'cat_1300']"
snmp-server set,"['cbs_250', 'cbs_350', 'cat_1300']"
snmp-server source-interface,"['cbs_250', 'cbs_350', 'cat_1300']"
snmp-server source-interface-ipv6,"['cbs_250', 'cbs_350', 'cat_1300']"
snmp-server trap,['cbs_220']
snmp-server trap authentication,"['cbs_250', 'cbs_350', 'cat_1300']"
snmp-server user,"['cbs_220', 'cbs_250', 'cbs_350', 'cat_1300']"
snmp-server view,"['cbs_220', 'cbs_250', 'cbs_350', 'cat_1300']"
sntp anycast client enable,"['cbs_250', 'cbs_350', 'cat_1300']"
sntp authenticate,"['cbs_250', 'cbs_350', 'cat_1300']"
sntp authentication-key,"['cbs_250', 'cbs_350', 'cat_1300']"
sntp broadcast client enable,"['cbs_250', 'cbs_350', 'cat_1300']"
sntp client enable,"['cbs_250', 'cbs_350', 'cat_1300']"
sntp client enable (interface),"['cbs_250', 'cbs_350', 'cat_1300']"
sntp server,"['cbs_220', 'cbs_250', 'cbs_350', 'cat_1300']"
sntp source-interface,"['cbs_250', 'cbs_350', 'cat_1300']"
sntp source-interface-ipv6,"['cbs_250', 'cbs_350', 'cat_1300']"
sntp trusted-key,"['cbs_250', 'cbs_350', 'cat_1300']"
sntp unicast client enable,"['cbs_250', 'cbs_350', 'cat_1300']"
sntp unicast client poll,"['cbs_250', 'cbs_350', 'cat_1300']"
spanning-tree,"['cbs_220', 'cbs_250', 'cbs_350', 'cat_1300']"
spanning-tree bpdu (Global),"['cbs_220', 'cbs_250', 'cbs_350', 'cat_1300']"
spanning-tree bpdu (Interface),"['cbs_250', 'cbs_350', 'cat_1300']"
spanning-tree bpdu-filter (Interface),['cbs_220']
spanning-tree bpdu-guard (Interface),['cbs_220']
spanning-tree bpduguard,"['cbs_250', 'cbs_350', 'cat_1300']"
spanning-tree cost,"['cbs_250', 'cbs_350', 'cat_1300']"
spanning-tree cost (Interface),['cbs_220']
spanning-tree disable,"['cbs_250', 'cbs_350', 'cat_1300']"
spanning-tree forward-time,"['cbs_220', 'cbs_250', 'cbs_350', 'cat_1300']"
spanning-tree guard root,"['cbs_250', 'cbs_350', 'cat_1300']"
spanning-tree hello-time,"['cbs_220', 'cbs_250', 'cbs_350', 'cat_1300']"
spanning-tree link-type,"['cbs_250', 'cbs_350', 'cat_1300']"
spanning-tree link-type (Interface),['cbs_220']
spanning-tree loopback-guard,"['cbs_220', 'cbs_250', 'cbs_350', 'cat_1300']"
spanning-tree max-age,"['cbs_220', 'cbs_250', 'cbs_350', 'cat_1300']"
spanning-tree max-hops,['cbs_220']
spanning-tree mode,"['cbs_220', 'cbs_250', 'cbs_350', 'cat_1300']"
spanning-tree mst configuration,"['cbs_220', 'cbs_250', 'cbs_350', 'cat_1300']"
spanning-tree mst cost,"['cbs_220', 'cbs_250', 'cbs_350', 'cat_1300']"
spanning-tree mst instance,['cat_1300']
spanning-tree mst max-hops,"['cbs_250', 'cbs_350', 'cat_1300']"
spanning-tree mst port-priority,"['cbs_220', 'cbs_250', 'cbs_350', 'cat_1300']"
spanning-tree mst priority,"['cbs_220', 'cbs_250', 'cbs_350', 'cat_1300']"
spanning-tree pathcost method,"['cbs_220', 'cbs_250', 'cbs_350', 'cat_1300']"
spanning-tree port-priority,"['cbs_220', 'cbs_250', 'cbs_350', 'cat_1300']"
spanning-tree portfast,"['cbs_220', 'cbs_250', 'cbs_350', 'cat_1300']"
spanning-tree priority,"['cbs_220', 'cbs_250', 'cbs_350', 'cat_1300']"
spanning-tree tx-hold-count,['cbs_220']
spanning-tree vlan cost,"['cbs_250', 'cbs_350', 'cat_1300']"
spanning-tree vlan forward-time,"['cbs_250', 'cbs_350', 'cat_1300']"
spanning-tree vlan hello-time,"['cbs_250', 'cbs_350', 'cat_1300']"
spanning-tree vlan max-age,"['cbs_250', 'cbs_350', 'cat_1300']"
spanning-tree vlan port-priority,"['cbs_250', 'cbs_350', 'cat_1300']"
spanning-tree vlan priority,"['cbs_250', 'cbs_350', 'cat_1300']"
speed,"['cbs_220', 'cbs_250', 'cbs_350', 'cat_1300']"
ssd config,"['cbs_250', 'cbs_350', 'cat_1300']"
ssd file integrity control,"['cbs_250', 'cbs_350', 'cat_1300']"
ssd file passphrase control,"['cbs_250', 'cbs_350', 'cat_1300']"
ssd rule,"['cbs_250', 'cbs_350', 'cat_1300']"
ssd session read,"['cbs_250', 'cbs_350', 'cat_1300']"
ssh,"['cbs_250', 'cbs_350', 'cat_1300']"
stack configuration,"['cbs_350', 'cat_1300']"
stack unit,"['cbs_350', 'cat_1300']"
storm-control,"['cbs_250', 'cbs_350', 'cat_1300']"
storm-control action,['cbs_220']
storm-control broadcast,['cbs_220']
storm-control broadcast level,['cbs_220']
storm-control enable,['cbs_220']
storm-control ifg,['cbs_220']
storm-control unit,['cbs_220']
storm-control unknown-multicast,['cbs_220']
storm-control unknown-multicast level,['cbs_220']
storm-control unknown-unicast,['cbs_220']
storm-control unknown-unicast level,['cbs_220']
surveillance-vlan aging-timeout,['cat_1300']
surveillance-vlan cos,['cat_1300']
surveillance-vlan enable (Interface),['cat_1300']
surveillance-vlan vlan-id,['cat_1300']
switchport,"['cbs_250', 'cbs_350', 'cat_1300']"
switchport access multicast-tv vlan,"['cbs_250', 'cbs_350', 'cat_1300']"
switchport access vlan,"['cbs_220', 'cbs_250', 'cbs_350', 'cat_1300']"
switchport customer multicast-tv vlan,"['cbs_250', 'cbs_350', 'cat_1300']"
switchport customer vlan,"['cbs_250', 'cbs_350', 'cat_1300']"
switchport default-vlan tagged,['cbs_220']
switchport dot1q-tunnel vlan,['cbs_220']
switchport forbidden default-vlan,['cbs_220']
switchport forbidden vlan,['cbs_220']
switchport general acceptable-frame-type,"['cbs_220', 'cbs_250', 'cbs_350', 'cat_1300']"
switchport general allowed vlan,"['cbs_220', 'cbs_250', 'cbs_350', 'cat_1300']"
switchport general forbidden vlan,"['cbs_250', 'cbs_350', 'cat_1300']"
switchport general ingress-filtering disable,"['cbs_220', 'cbs_250', 'cbs_350', 'cat_1300']"
switchport general map macs-group vlan,"['cbs_250', 'cbs_350', 'cat_1300']"
switchport general map protocols-group vlan,"['cbs_250', 'cbs_350', 'cat_1300']"
switchport general map subnets-group vlan,"['cbs_250', 'cbs_350', 'cat_1300']"
switchport general pvid,"['cbs_220', 'cbs_250', 'cbs_350', 'cat_1300']"
switchport mode,"['cbs_220', 'cbs_250', 'cbs_350', 'cat_1300']"
switchport mode trunk uplink,['cbs_220']
switchport nni ethtype,"['cbs_250', 'cbs_350', 'cat_1300']"
switchport port-security,['cbs_220']
switchport port-security mode maximum,['cbs_220']
switchport private-vlan host-association,"['cbs_250', 'cbs_350', 'cat_1300']"
switchport private-vlan mapping,"['cbs_250', 'cbs_350', 'cat_1300']"
switchport protected,['cbs_220']
switchport protected-port,"['cbs_250', 'cbs_350', 'cat_1300']"
switchport trunk allowed vlan,"['cbs_220', 'cbs_250', 'cbs_350', 'cat_1300']"
switchport trunk native vlan,"['cbs_220', 'cbs_250', 'cbs_350', 'cat_1300']"
switchport vlan tpid,['cbs_220']
switchport vlan-mapping one-to-one,"['cbs_250', 'cbs_350', 'cat_1300']"
switchport vlan-mapping tunnel,"['cbs_250', 'cbs_350', 'cat_1300']"
switchport vlan-mapping tunnel l2protocol cos,"['cbs_250', 'cbs_350', 'cat_1300']"
switchport vlan-mapping tunnel l2protocol cos interface,"['cbs_250', 'cbs_350', 'cat_1300']"
switchport vlan-mapping tunnel l2protocol drop-threshold,"['cbs_250', 'cbs_350', 'cat_1300']"
switchport vlan-mapping tunnel l2protocol forward,"['cbs_250', 'cbs_350', 'cat_1300']"
switchport vlan-mapping tunnel l2protocol vlan,"['cbs_250', 'cbs_350', 'cat_1300']"
system light,"['cbs_250', 'cbs_350', 'cat_1300']"
system recovery,"['cbs_250', 'cbs_350', 'cat_1300']"
system reset-button disable,['cat_1300']
system resources,"['cbs_250', 'cbs_350', 'cat_1300']"
tacacs-server default-param,['cbs_220']
tacacs-server host,"['cbs_220', 'cbs_350', 'cat_1300']"
tacacs-server host source-interface,"['cbs_350', 'cat_1300']"
tacacs-server host source-interface-ipv6,"['cbs_350', 'cat_1300']"
tacacs-server key,"['cbs_350', 'cat_1300']"
tacacs-server timeout,"['cbs_350', 'cat_1300']"
telnet,"['cbs_250', 'cbs_350', 'cat_1300']"
terminal datadump,"['cbs_250', 'cbs_350', 'cat_1300']"
terminal history,"['cbs_250', 'cbs_350', 'cat_1300']"
terminal history size,"['cbs_250', 'cbs_350', 'cat_1300']"
terminal length,['cbs_220']
terminal prompt,"['cbs_250', 'cbs_350', 'cat_1300']"
terminal width,"['cbs_250', 'cbs_350', 'cat_1300']"
test cable-diagnostics tdr,"['cbs_250', 'cbs_350', 'cat_1300']"
time-range,"['cbs_220', 'cbs_250', 'cbs_350', 'cat_1300']"
time-server,"['cbs_350', 'cat_1300']"
traceroute,"['cbs_220', 'cbs_250', 'cbs_350', 'cat_1300']"
traffic-shape,"['cbs_220', 'cbs_250', 'cbs_350', 'cat_1300']"
traffic-shape queue,"['cbs_220', 'cbs_250', 'cbs_350', 'cat_1300']"
trust,"['cbs_220', 'cbs_250', 'cbs_350', 'cat_1300']"
trust-shape (Interface),['cbs_220']
trusted-port (IPv6 Source Guard),"['cbs_350', 'cat_1300']"
tunnel destination,"['cbs_250', 'cbs_350', 'cat_1300']"
tunnel isatap robustness,"['cbs_250', 'cbs_350', 'cat_1300']"
tunnel isatap solicitation-interval,"['cbs_250', 'cbs_350', 'cat_1300']"
udld,"['cbs_350', 'cat_1300']"
udld message time,"['cbs_350', 'cat_1300']"
udld port,"['cbs_350', 'cat_1300']"
user-key,"['cbs_250', 'cbs_350', 'cat_1300']"
username,"['cbs_220', 'cbs_250', 'cbs_350', 'cat_1300']"
username (dot1x credentials),"['cbs_250', 'cbs_350', 'cat_1300']"
validate source-mac,"['cbs_350', 'cat_1300']"
vlan,"['cbs_220', 'cbs_250', 'cbs_350', 'cat_1300']"
vlan database,"['cbs_250', 'cbs_350', 'cat_1300']"
vlan default-vlan,['cbs_220']
vlan prohibit-internal-usage,"['cbs_250', 'cbs_350', 'cat_1300']"
voice vlan aging-timeout,"['cbs_220', 'cbs_250', 'cbs_350', 'cat_1300']"
voice vlan cos,"['cbs_220', 'cbs_250', 'cbs_350', 'cat_1300']"
voice vlan cos mode,"['cbs_220', 'cbs_250', 'cbs_350', 'cat_1300']"
voice vlan dscp,"['cbs_220', 'cbs_250', 'cbs_350', 'cat_1300']"
voice vlan enable,"['cbs_220', 'cbs_250', 'cbs_350', 'cat_1300']"
voice vlan id,"['cbs_220', 'cbs_250', 'cbs_350', 'cat_1300']"
voice vlan mode,['cbs_220']
voice vlan oui-table,"['cbs_220', 'cbs_250', 'cbs_350', 'cat_1300']"
voice vlan refresh,"['cbs_250', 'cbs_350', 'cat_1300']"
voice vlan state,"['cbs_220', 'cbs_250', 'cbs_350', 'cat_1300']"
voice vlan vpt,"['cbs_220', 'cbs_250', 'cbs_350', 'cat_1300']"
write,"['cbs_220', 'cbs_250', 'cbs_350', 'cat_1300']"
wrr-queue bandwidth,"['cbs_220', 'cbs_250', 'cbs_350', 'cat_1300']"
wrr-queue cos-map,"['cbs_250', 'cbs_350', 'cat_1300']"
